date,embedding,headline,Cluster
2023-09-07,"[-3.13725531e-01 -2.03137383e-01 -3.46318752e-01  1.37686372e-01
  3.80856059e-02 -1.90563470e-01 -8.35930631e-02  5.90817779e-02
  6.32823348e-01  3.46869826e-02 -8.23081732e-02 -4.51821297e-01
 -1.72126725e-01 -9.68546420e-03  4.85567242e-01  7.75260478e-02
  1.07729346e-01 -9.89612713e-02  1.96725845e-01  6.20812103e-02
 -1.25128567e-01  2.16622148e-02 -2.43112639e-01  1.55404031e-01
 -1.20550863e-01 -2.10665047e-01  3.62438083e-01  1.58609793e-01
 -7.93046206e-02 -1.47923768e-01  1.14133127e-01  9.47593600e-02
 -1.58623904e-01 -2.70276573e-02  1.36666924e-01  1.17637351e-01
  1.34374902e-01  1.85340255e-01  6.50959387e-02 -1.29793182e-01
  1.32802501e-01 -8.71101543e-02 -4.74678069e-01 -2.46703029e-01
 -2.76640981e-01  9.29609835e-02  2.62879461e-01 -3.37786563e-02
 -8.49840716e-02  2.99839020e-01 -8.73075873e-02  3.11565638e-01
  8.72826017e-03  3.13828766e-01 -4.41689603e-02 -1.66487157e-01
  1.91753674e-02 -7.09541887e-02 -3.94874066e-02  4.69197705e-02
  1.27239376e-01 -8.61176327e-02 -3.61996621e-01  6.11454211e-02
 -5.42240078e-03 -1.89127460e-01  2.44582295e-01  2.79290169e-01
  3.23084667e-02  2.43092310e-02 -1.01001479e-01  8.75805691e-02
  1.82793677e-01 -1.34560108e-01 -4.21680883e-02 -1.80707052e-02
  3.51573825e-01 -3.91016454e-01 -2.13797037e-02  5.53722344e-02
 -1.29731104e-01  7.21879900e-02  2.94518769e-01 -2.73417998e-02
 -1.16087489e-01 -1.24761432e-01  1.07221857e-01  1.42989084e-01
  2.62915760e-01 -2.84165740e-01 -7.85332769e-02  3.02872099e-02
 -8.85303691e-02 -1.41589910e-01 -3.91334116e-01 -1.48165211e-01
  2.33074769e-01 -1.19314790e-01 -1.82404649e-02 -1.82417646e-01
  3.93366665e-01 -5.44935353e-02  9.55624953e-02  2.69427508e-01
  6.56656101e-02  2.00236931e-01  6.55067801e-01  9.71940234e-02
 -1.95804015e-01 -2.05503926e-01  2.07624897e-01  1.04869276e-01
 -1.37871072e-01  2.30598301e-02  1.67053118e-01  1.09921560e-01
 -2.22608540e-02 -5.08960664e-01  1.98289290e-01 -1.66526586e-01
  1.02225196e+00 -7.87607804e-02 -6.13323636e-02  4.52696718e-02
 -1.54990315e-01  1.12427346e-01 -4.45787348e-02  2.24724531e-01
 -5.44509292e-01  7.67792091e-02  8.69402364e-02 -1.30405918e-01
 -1.54974069e-02  7.24712908e-02  8.60974118e-02 -8.41318294e-02
 -1.57631740e-01  1.58924505e-01 -2.23711193e-01 -3.44238384e-03
  3.23487446e-02 -1.14533290e-01  1.91928178e-01  3.60949449e-02
 -1.00497074e-01 -1.65783629e-01 -1.49914175e-01 -4.80099861e-03
 -1.51039995e-02 -1.17269820e-02 -5.73633254e-01 -6.51216740e-03
  1.09411485e-01 -1.93361655e-01 -7.37083480e-02  2.65996549e-02
 -3.80702354e-02 -4.36476395e-02 -6.92263246e-01 -2.78635956e-02
  2.37583965e-01 -2.63847243e-02 -4.03250599e+00 -9.46602821e-02
 -1.31180594e-02 -2.08073631e-02  1.21134631e-02  2.62942225e-01
 -5.11962436e-02  1.66434273e-01  5.31476662e-02  3.49964142e-01
  1.70244709e-01  5.24205565e-02 -1.09102363e-02 -9.91822034e-02
 -1.68234199e-01  1.30657628e-01  1.33124590e-01  6.78463727e-02
 -3.07000190e-01  1.76159292e-01  1.72963440e-02 -2.39208207e-01
  4.74029854e-02  4.37368937e-02  2.22894281e-01 -2.76341081e-01
 -1.47992656e-01 -1.06497757e-01 -8.93560499e-02  5.70363030e-02
  1.78833589e-01 -4.49844487e-02 -6.59982562e-01 -9.59262669e-01
  2.29026273e-01 -1.84702471e-01  5.97890429e-02 -1.59952432e-01
  7.99473524e-02  2.30338037e-01  1.22305878e-01  1.26296431e-01
  1.40379250e-01 -2.43813574e-01  5.69045395e-02 -1.25950500e-01
  3.03024709e-01  3.77956390e-01 -4.72520828e-01  1.02233815e+00
  2.47070123e-03  1.19321957e-01 -1.51424512e-01  1.93584822e-02
 -1.53161258e-01  1.31424963e-01 -1.01068772e-01 -2.30139330e-01
 -9.82715338e-02 -3.99643093e-01 -1.15356788e-01 -8.22100490e-02
  1.67464721e+00 -6.87463507e-02 -2.20329076e-01 -6.95713535e-02
 -1.44138709e-01  6.83895648e-02 -4.00163949e-01  5.25256813e-01
  3.38711709e-01  2.86139809e-02 -1.82811692e-01 -1.71447814e-01
 -2.68520296e-01  2.00619742e-01  3.00548449e-02  8.52841437e-02
  3.35082263e-02  1.00461602e-01 -1.09288551e-01 -1.17227219e-01
 -1.47704873e-02 -2.64383167e-01  1.09089114e-01 -2.36101210e-01
 -1.40311286e-01 -1.06518626e-01 -3.06288868e-01 -3.56540233e-02
  2.62547225e-01 -4.62918170e-02  4.32858728e-02 -1.84450194e-01
  2.46895272e-02 -1.11376375e-01 -1.58682215e+00  1.49359241e-01
 -1.13070823e-01  4.29807231e-02 -6.19902089e-02  1.67489856e-01
 -5.51720485e-02  3.59599948e-01  1.03960879e-01  1.52522758e-01
  5.25762625e-02 -3.04857820e-01  1.59447849e-01 -3.46530899e-02
 -8.10912345e-03  2.61172429e-02  1.50732934e-01 -2.26882279e-01
 -1.52495084e-02 -2.68992126e-01 -5.85829690e-02  7.15275034e-02
  7.44220167e-02 -2.93842535e-02  2.41328478e-01 -3.16450447e-01
  6.56941310e-02  5.40420823e-02  1.43328914e-02  1.11755729e-02
 -1.35892499e-02 -2.29077518e-01  1.33896256e-02 -6.16332181e-02
  4.69369181e-02  5.11500537e-02 -9.25058722e-02  7.30528384e-02
  1.22595869e-01  3.84290993e-01  1.38285905e-01 -9.78531763e-02]",Hedge fund investor Dan Niles says Apple is now his largest single stock short,1
2023-09-07,"[-2.17090100e-01 -1.73069000e-01 -2.55419493e-01  1.62761599e-01
  2.93170586e-02 -2.06307545e-01 -1.68062046e-01  4.78777662e-02
  5.83310187e-01 -1.40260160e-02 -1.01453014e-01 -5.01364052e-01
 -1.57693326e-01  3.74533818e-03  4.05267447e-01  5.09478375e-02
 -7.17916898e-03  9.53753665e-02  1.76889539e-01  1.58584103e-01
 -1.24002010e-01  5.73958606e-02 -1.65291682e-01  7.75980353e-02
 -1.84142336e-01 -1.86396480e-01  4.15414304e-01  3.70259732e-02
 -3.34716029e-02 -1.58591107e-01  2.04562142e-01  6.31435812e-02
 -1.70855746e-01  2.37801578e-02  1.53002754e-01  7.17659369e-02
  7.92818367e-02  2.25993723e-01  8.49073529e-02 -2.13294819e-01
  1.50487125e-01 -2.22577713e-02 -4.48707730e-01 -3.02609742e-01
 -3.67210895e-01  4.67227511e-02  2.59919673e-01  1.72591601e-02
 -5.44595532e-02  1.64562762e-01 -2.13200346e-01  3.19823772e-01
  1.01996168e-01  3.05586457e-01 -2.16559991e-02 -1.60610989e-01
 -1.68840284e-04 -3.02469563e-02  2.82055847e-02  1.31992877e-01
  1.46995202e-01 -1.06021523e-01 -3.83816540e-01  9.62664112e-02
 -4.93197963e-02 -1.54850826e-01  3.47687751e-01  2.56508648e-01
  2.62961816e-02 -1.87983718e-02 -2.04782002e-02  8.98948461e-02
  2.20569745e-01 -4.03820910e-02 -4.42918763e-02  1.51763642e-02
  4.61977035e-01 -3.76229376e-01 -6.96409121e-02  8.02138522e-02
 -1.47927001e-01  1.85538515e-01  3.65034014e-01 -1.54813811e-01
 -1.17968954e-01 -2.07099348e-01  1.91972747e-01  1.53005093e-01
  2.20205024e-01 -1.32246688e-01 -7.54321218e-02 -4.76257019e-02
 -1.58634298e-02  2.63782348e-02 -4.62535799e-01 -1.60165474e-01
  1.93487167e-01 -1.78233102e-01 -3.22903171e-02 -3.33013870e-02
  3.62184644e-01 -9.51462891e-03  8.94984379e-02  2.15811849e-01
 -1.62713311e-03  2.21407160e-01  5.70339799e-01 -1.21105067e-01
 -2.09831282e-01 -1.84131101e-01  1.36970460e-01  2.32309531e-02
 -4.21628095e-02 -1.56723149e-02  2.19919503e-01  3.18506025e-02
 -1.22215152e-02 -7.59616375e-01  1.74247161e-01 -9.38737318e-02
  6.83170974e-01 -1.73855916e-01  3.78524070e-04  4.78976220e-02
 -1.23985581e-01  1.32829428e-01 -9.55897663e-03  2.46279493e-01
 -5.48504651e-01  5.97173385e-02  8.54653716e-02 -1.61007881e-01
 -6.15688786e-02  1.72353461e-01  6.90656230e-02 -4.99134324e-02
 -2.16537073e-01  1.22860245e-01 -2.26184592e-01 -1.09491490e-01
  3.62708978e-02 -1.11190617e-01  6.89958781e-02  3.64082828e-02
 -8.49101096e-02 -2.06784174e-01 -2.19016269e-01 -7.52201304e-04
  9.44355596e-03  1.23079404e-01 -6.28728032e-01 -1.41697060e-02
  8.59772265e-02 -8.92781243e-02 -3.42017449e-02  9.92132202e-02
 -1.87762827e-01 -6.21043071e-02 -6.37128830e-01  2.88957376e-02
  1.93129152e-01 -5.74180409e-02 -4.05453253e+00 -1.59273520e-01
 -2.48568039e-02 -4.85090464e-02  5.85834496e-02  4.23788160e-01
  6.27807574e-03  2.05756173e-01 -3.28624547e-02  3.86304975e-01
  8.17237496e-02  1.96507663e-01 -8.31310451e-02 -1.65275842e-01
 -9.69517678e-02  1.80040702e-01  1.52214244e-01  1.77855358e-01
 -2.46531531e-01  2.41392851e-01 -2.95018684e-03 -1.79008380e-01
  6.66993633e-02 -3.86700556e-02  1.67063266e-01 -1.79853290e-01
  6.26114756e-03 -6.57282993e-02 -1.21818975e-01  4.84992899e-02
  1.13687664e-01 -1.89942271e-01 -6.20938659e-01 -7.78949916e-01
  2.85218894e-01 -1.54547408e-01  4.42348942e-02 -1.67473733e-01
  1.12094395e-01  1.95513815e-01  1.77748904e-01  1.23093538e-01
  1.83747783e-01 -3.22113007e-01 -3.56513262e-02 -1.03075229e-01
  2.22530797e-01  4.71564740e-01 -3.48800778e-01  8.49362433e-01
  5.84315993e-02  1.14028692e-01 -6.53955266e-02 -1.37404576e-01
 -1.87197909e-01  1.10024616e-01 -2.16356486e-01 -1.44220218e-01
 -1.43306643e-01 -2.61882305e-01 -1.14092290e-01 -8.03359151e-02
  2.11046219e+00 -1.15352087e-01 -2.31473699e-01 -5.75562678e-02
 -1.47340685e-01  1.18433110e-01 -2.79972315e-01  4.92807984e-01
  2.50976712e-01  1.02879733e-01 -5.12487441e-02 -2.19527021e-01
 -2.99375802e-01  1.18747905e-01  3.00306156e-02  1.96253091e-01
 -1.17460126e-02  8.94455332e-03 -1.69903412e-01 -1.42367259e-01
 -1.15145743e-02 -1.21457927e-01  7.96623826e-02 -1.80311888e-01
 -1.02740161e-01 -9.77623910e-02 -3.50926220e-01 -5.71633093e-02
  2.58043826e-01 -1.00640520e-01  2.47726850e-02 -1.62161306e-01
 -2.26557087e-02 -9.89249200e-02 -1.70999110e+00  1.51963890e-01
 -5.68386093e-02  9.39868949e-03 -2.77816108e-03  1.45902678e-01
 -2.31021985e-01  3.78932118e-01  1.95767969e-01  1.25191763e-01
  9.00735110e-02 -2.95177042e-01  2.02941999e-01 -1.68012649e-01
 -3.57584544e-02  4.20551673e-02  3.76812257e-02 -2.42256090e-01
  1.22167297e-01 -2.85136551e-01 -1.12953506e-01  2.98369750e-02
  5.95151354e-03 -5.77339046e-02  1.65576756e-01 -2.08571687e-01
 -5.99645115e-02  8.35930631e-02  5.21819331e-02  8.54399949e-02
  4.14890721e-02 -1.85308263e-01  2.19408289e-01  7.74401333e-03
  8.34283382e-02  1.08416595e-01 -1.77982837e-01  9.70322341e-02
  2.40876541e-01  3.54660243e-01  1.82253897e-01 -1.02988677e-02]",G-III Apparel Group (GIII): A Closer Look at Its Undervalued Status,3
2023-09-07,"[-3.48259062e-01 -2.01653987e-01 -2.84816504e-01  1.23998664e-01
  1.25340313e-01 -2.11323321e-01 -1.68074340e-01  1.10760204e-01
  5.39007962e-01 -7.57326931e-02 -3.39500420e-02 -4.18412119e-01
 -1.33978277e-01 -3.63643840e-02  3.84375453e-01  3.68914008e-02
  5.82006946e-02 -8.47132970e-03  1.67614922e-01  2.18933359e-01
 -1.47827655e-01  4.74898778e-02 -2.13540554e-01  1.30781278e-01
 -1.14662960e-01 -1.79369345e-01  4.35606092e-01  8.36557224e-02
 -8.90400782e-02 -1.87513456e-01  1.66977718e-01  8.26486722e-02
 -5.36762327e-02  1.18853133e-02  4.60774787e-02  6.98727295e-02
  1.68760732e-01  1.77416340e-01  3.52627300e-02 -1.97680563e-01
  1.47338137e-01 -3.95678692e-02 -4.34010983e-01 -2.73132980e-01
 -1.07609250e-01  1.46209663e-02  2.07522631e-01 -2.21681991e-03
 -5.19106649e-02  3.06355178e-01 -7.13531077e-02  3.61036956e-01
 -4.73510474e-02  3.23914826e-01 -2.00051554e-02 -1.00708693e-01
  6.72776252e-02 -5.57344928e-02 -4.73487657e-03  5.28236702e-02
  1.21343002e-01 -5.77456784e-03 -3.69431973e-01  8.59114453e-02
 -1.57387424e-02 -1.35013506e-01  2.13679522e-01  2.16420159e-01
  8.38386193e-02  8.19902942e-02 -7.65803158e-02  8.66319686e-02
  1.29061148e-01 -1.54859185e-01 -7.45568871e-02 -2.56958008e-02
  3.24321717e-01 -3.35305840e-01 -2.49550547e-02  9.59237069e-02
 -1.36245683e-01  1.76717192e-01  2.86852986e-01 -2.02660561e-02
 -1.83333039e-01 -1.82854444e-01  1.39511138e-01  1.56526119e-01
  2.19883442e-01 -2.92870104e-01 -1.31221175e-01  1.31247103e-01
 -5.32651730e-02 -1.14162259e-01 -4.99068469e-01 -1.43750116e-01
  1.78940445e-01 -1.20162830e-01  7.15492666e-03 -9.32360068e-02
  3.53391051e-01 -5.67682162e-02  1.38663650e-01  3.25815737e-01
  5.03178360e-03  1.88935801e-01  6.91967428e-01  1.47101104e-01
 -2.40697920e-01 -3.24098676e-01  3.02323669e-01  2.11035743e-01
  1.32705625e-02  1.04492120e-02  2.25511864e-01  3.75848562e-02
  7.08649284e-04 -5.10092437e-01  2.32662305e-01 -8.01670402e-02
  1.05993009e+00 -6.11962676e-02 -1.17402881e-01  1.66438334e-02
 -1.99234009e-01  7.21487328e-02  6.23897240e-02  2.02794164e-01
 -5.30296743e-01  1.88165545e-01  6.22539856e-02 -8.98131803e-02
 -6.26604855e-02  1.26726896e-01  6.82086349e-02 -2.88234763e-02
 -1.88752890e-01  1.26776293e-01 -2.88470924e-01 -2.56172307e-02
  1.16859563e-01 -1.49576783e-01  1.53437391e-01  3.33698206e-02
 -1.58452138e-01 -1.31949589e-01 -9.90576670e-02 -3.30686681e-02
  5.04228054e-03  3.95798720e-02 -6.38752759e-01  2.37447079e-02
  9.29755270e-02 -2.19283745e-01  1.84094552e-02  1.23842619e-01
  1.32114841e-02 -8.08060542e-02 -7.08747149e-01 -6.00849465e-03
  2.41220862e-01 -5.57731465e-02 -3.84006357e+00 -7.30787143e-02
 -4.94136140e-02  9.35633481e-02  4.27438021e-02  2.86776900e-01
  7.47447759e-02  1.44667059e-01  6.89988434e-02  3.48381490e-01
  1.00415342e-01  4.76100817e-02 -2.40673125e-02 -1.66777045e-01
 -1.38180271e-01  1.89655691e-01  1.34888992e-01  6.25144541e-02
 -3.14505756e-01  8.73566270e-02  5.04781865e-02 -2.16073543e-01
  6.45672157e-03  1.18335783e-01  2.41773710e-01 -1.74916595e-01
 -1.07769601e-01 -8.51565003e-02 -1.83630377e-01  2.25600097e-02
  2.02637136e-01 -1.17809750e-01 -6.55358911e-01 -8.78556609e-01
  2.30144024e-01 -1.37579203e-01  4.44266126e-02 -1.52192444e-01
  6.63659871e-02  1.43939137e-01  9.35488865e-02  2.25327298e-01
  1.70807481e-01 -2.54621834e-01 -1.72389001e-02 -1.20398678e-01
  3.26930225e-01  3.59773070e-01 -4.25414085e-01  1.22026765e+00
 -5.00306115e-02  1.12774253e-01 -5.48392236e-02  6.08382970e-02
 -1.73790529e-01  1.36470646e-01 -1.27384886e-01 -2.37169489e-01
 -1.33754134e-01 -3.82175684e-01 -8.45378786e-02 -5.02758287e-02
  1.66489100e+00 -1.22098222e-01 -2.52684981e-01 -5.75965419e-02
 -2.25508988e-01  8.50172341e-02 -3.73973638e-01  4.99816805e-01
  2.41690129e-01  8.31959918e-02 -2.11219773e-01 -1.55527934e-01
 -2.96999633e-01  1.41581371e-01  6.98689446e-02  2.17791766e-01
  1.97923854e-02  3.62434424e-02 -1.46856904e-01 -5.64809926e-02
 -2.68756021e-02 -2.80704647e-01  7.48075545e-02 -2.68375963e-01
 -1.07096538e-01 -1.52350038e-01 -3.08902979e-01  4.10829149e-02
  2.15276182e-01 -8.63169953e-02  3.35887782e-02 -2.08703578e-01
 -6.23736531e-03 -1.66637093e-01 -1.58417106e+00  4.12331186e-02
 -7.69051388e-02 -3.80812417e-04 -6.81098625e-02  1.97169945e-01
 -4.99761067e-02  4.00282562e-01  1.34406328e-01  1.72742024e-01
  7.61477351e-02 -2.93726444e-01  1.70437798e-01 -1.07286200e-01
  6.18375503e-02 -2.46364288e-02  1.59030005e-01 -1.95152014e-01
  6.22186102e-02 -2.54442602e-01 -1.83422230e-02  4.05263230e-02
  3.03889941e-02  1.40942782e-02  2.37596214e-01 -2.99700141e-01
  1.22839719e-01  1.45991417e-02  4.54462618e-02  7.90566951e-02
  9.90855098e-02 -1.93149790e-01  7.01897144e-02 -1.10014319e-01
  1.14567213e-01  4.38715145e-02 -9.43156928e-02  9.34320465e-02
  1.18143350e-01  4.16311324e-01  1.62339658e-01 -1.31097451e-01]",Stock market today: Asian shares track decline on Wall St as Japan cuts GDP estimate for 2nd quarter,1
2023-09-07,"[-2.76304811e-01 -1.74314365e-01 -2.70230561e-01  1.59953967e-01
  3.84759307e-02 -2.37846062e-01 -1.22710742e-01 -7.01888055e-02
  5.55560827e-01 -8.58646110e-02 -1.15207948e-01 -4.74794388e-01
 -1.24434128e-01  2.39763651e-02  4.94642377e-01  6.76272288e-02
  4.28358838e-02 -6.88105635e-03  2.20485210e-01  7.78788328e-02
 -5.85708432e-02  9.38189924e-02 -8.33119303e-02  5.50144576e-02
 -1.46495551e-01 -2.71134377e-01  3.55095714e-01  1.10172980e-01
 -3.47900502e-02 -2.09384337e-01  2.05540612e-01  9.54139605e-02
 -1.25630707e-01  2.66760215e-02  1.18385330e-01  8.19951072e-02
  1.03763668e-02  2.04323709e-01  2.99011841e-02 -1.72956213e-01
  2.19938576e-01 -4.91331667e-02 -4.33535218e-01 -2.84071565e-01
 -3.25626343e-01  1.14398375e-01  2.39344910e-01  3.62265557e-02
 -9.51293930e-02  1.56101897e-01 -1.63957909e-01  3.24810177e-01
  1.03863291e-01  2.18140036e-01 -9.49729457e-02 -1.89656228e-01
  1.16892569e-02  8.30099825e-03  6.28894717e-02  1.27607971e-01
  1.63092613e-01 -4.22971435e-02 -2.78958172e-01  8.06450993e-02
 -1.04730558e-02 -2.32140645e-01  3.41350168e-01  2.79755592e-01
  6.32842183e-02 -5.43101951e-02  9.67698265e-03  6.97930455e-02
  2.28356227e-01 -6.85115233e-02 -8.82718489e-02 -5.79712801e-02
  3.83693576e-01 -4.36355233e-01 -5.81698865e-02 -1.06395837e-02
 -1.50955975e-01  1.02813676e-01  2.85769969e-01 -4.43204045e-02
 -1.07711181e-01 -2.37634391e-01  2.31492996e-01  1.54410779e-01
  2.25615636e-01 -1.76751435e-01 -8.64807516e-02  1.91606563e-02
 -1.18702110e-02  5.11685051e-02 -4.57889497e-01 -1.99340194e-01
  2.00417727e-01 -2.19974935e-01  5.82543015e-03 -9.49310511e-02
  3.11333537e-01 -7.63267055e-02  8.60791728e-02  2.37917602e-01
  5.21963984e-02  1.60256162e-01  5.92200935e-01 -3.36972810e-02
 -2.18325913e-01 -1.47240371e-01  2.68002301e-01  7.74493814e-02
 -7.45265335e-02  1.88885978e-03  2.25848809e-01  8.32057968e-02
 -1.89627632e-02 -5.61374664e-01  2.16869622e-01 -1.58697039e-01
  6.66802227e-01 -1.16340958e-01 -8.27951450e-03  6.75029233e-02
 -1.96612045e-01  1.47173032e-01 -3.33902054e-02  2.95255214e-01
 -5.16057432e-01  5.87737635e-02  7.56816491e-02 -7.62645081e-02
  1.29671674e-02  9.24216807e-02  3.72634269e-02 -2.77077761e-02
 -1.83041632e-01  1.14383012e-01 -2.60561466e-01 -1.01141268e-02
  5.51060028e-02 -1.13761649e-01  1.77603170e-01  4.55016643e-03
 -1.37846589e-01 -2.47403517e-01 -1.51437536e-01 -2.84136329e-02
  1.13267386e-02  7.88562149e-02 -5.81345379e-01  3.74189429e-02
  1.78635389e-01 -1.52360961e-01  5.41306287e-02  4.68252227e-02
 -4.66239564e-02 -9.67799649e-02 -6.08713388e-01  2.79974006e-02
  1.66217193e-01  2.72846408e-02 -4.08228493e+00 -1.37813717e-01
 -2.11266521e-02 -5.87476641e-02  6.18115347e-03  2.91099429e-01
 -7.91601464e-03  2.38351420e-01 -2.71211918e-02  3.65851969e-01
  1.15912080e-01  1.77664772e-01 -1.40432030e-01 -1.25563130e-01
 -1.40102386e-01  1.71574295e-01  1.51528567e-01  8.09281021e-02
 -3.86085868e-01  2.25389794e-01  4.66167703e-02 -2.18955204e-01
  2.53099445e-02  8.00304487e-03  1.00690357e-01 -2.44471341e-01
  2.94148526e-03 -1.21698231e-01 -1.71950892e-01  7.61805475e-02
  1.55376256e-01 -1.44525468e-01 -6.47928774e-01 -9.02226329e-01
  3.06740284e-01 -1.73541486e-01  5.18784672e-02 -1.01705104e-01
  7.09585994e-02  2.15936914e-01  1.67234197e-01  8.02652687e-02
  2.62557834e-01 -1.86934873e-01  1.94581524e-02 -1.10424310e-01
  1.90516636e-01  3.82495522e-01 -4.19428527e-01  9.83389616e-01
  9.30380821e-02  1.31672025e-01 -1.06531546e-01 -1.21979080e-01
 -7.38101006e-02  1.96362168e-01 -1.51416734e-01 -1.72042340e-01
 -1.64122880e-01 -3.24198008e-01 -1.59351811e-01 -9.13988724e-02
  1.83814669e+00 -9.04620737e-02 -1.87693655e-01  1.14439372e-02
 -1.00203171e-01  1.07130617e-01 -4.44782615e-01  4.94481444e-01
  2.71765620e-01  1.01201208e-02 -1.57586813e-01 -2.19294056e-01
 -2.43737489e-01  1.94304764e-01  3.55763622e-02  1.16566196e-01
 -2.42437162e-02  4.90416586e-03 -1.86735734e-01 -9.36071798e-02
  7.14881420e-02 -2.89456904e-01  1.23921342e-01 -3.20211589e-01
 -1.42941952e-01 -8.59394148e-02 -3.27676475e-01 -6.51959032e-02
  3.09254169e-01 -1.40082404e-01 -7.19496533e-02 -1.98873028e-01
 -5.68421334e-02 -1.10450417e-01 -1.55938101e+00  1.29108652e-01
 -9.01704431e-02  1.46468684e-01 -1.90071892e-02  1.55244410e-01
 -1.75709367e-01  3.99625540e-01  2.43633538e-01  1.01129144e-01
  1.18174642e-01 -2.59398848e-01  1.41584739e-01 -9.29442570e-02
 -7.50410855e-02  3.22103463e-02  8.54930580e-02 -2.56172806e-01
  7.95659199e-02 -2.82107085e-01 -1.17625766e-01  2.96524130e-02
  4.76603070e-03 -8.64785388e-02  1.30709589e-01 -3.02579761e-01
 -1.74978450e-02  3.37450951e-02  3.91596928e-02  9.01769623e-02
 -1.01897283e-03 -2.28636816e-01  5.13675362e-02 -1.82678215e-02
  7.98425674e-02  7.99168795e-02 -1.24160618e-01  6.57923520e-02
  2.40651399e-01  3.95562887e-01  1.48650944e-01 -1.26438871e-01]",Emeren Group (NYSE:SOL) May Have Issues Allocating Its Capital,5
2023-09-08,"[-3.14273417e-01 -2.23246664e-01 -3.37007970e-01  2.35737413e-01
 -7.15007819e-03 -1.79881349e-01 -1.33220553e-01  8.23427364e-02
  5.21820068e-01 -1.21839091e-01 -1.70180291e-01 -3.82534951e-01
 -4.99317423e-02 -3.66533324e-02  5.52359819e-01  4.53850366e-02
  3.09419315e-02 -3.24356020e-03  1.94596738e-01  1.47397578e-01
  1.35454098e-02  1.62010774e-01 -5.76395579e-02  2.24329099e-01
 -1.49282336e-01 -1.89739153e-01  4.18817103e-01  1.05403133e-01
  2.69299652e-02 -1.67281911e-01  1.99669972e-01  7.34716058e-02
 -1.85557500e-01  1.30131887e-02  1.60334364e-01  9.91569906e-02
  1.26029119e-01  2.42565647e-01  8.81891251e-02 -1.34705752e-01
  1.54971763e-01 -1.44356161e-01 -5.81781924e-01 -2.18922898e-01
 -4.06855077e-01  1.34031564e-01  2.74478942e-01 -3.04154046e-02
 -6.83807805e-02  2.70427346e-01 -8.49161819e-02  3.34159881e-01
  2.45859586e-02  3.45011145e-01 -9.12367776e-02 -1.04611844e-01
 -7.85086825e-02 -4.94745560e-02  9.25667733e-02  1.00090630e-01
  1.67382419e-01 -9.25464481e-02 -3.36505443e-01  1.05726704e-01
 -5.86724803e-02 -1.05737835e-01  2.75947928e-01  2.84749776e-01
  1.56587325e-02 -4.75533586e-03 -7.32720196e-02  1.29991099e-02
  1.56305969e-01 -9.74553749e-02 -8.47707242e-02 -7.69620314e-02
  3.95654261e-01 -5.27128875e-01 -9.95477512e-02  2.66720373e-02
 -1.11011095e-01  2.41418704e-01  3.18680346e-01 -9.25418064e-02
 -1.00773657e-02 -2.23911017e-01  2.48646796e-01  1.47387326e-01
  1.50777832e-01 -2.11962909e-01 -7.35244825e-02 -1.17031140e-02
 -5.24776429e-02  4.56569456e-02 -4.55477655e-01 -1.38713628e-01
  1.91470549e-01 -2.41513386e-01  5.58537655e-02 -1.01257041e-01
  4.08320069e-01 -5.38836420e-02  4.08236720e-02  1.70352176e-01
  5.46582192e-02  2.55816042e-01  6.58733070e-01 -2.99621467e-02
 -2.07760781e-01 -2.01442897e-01  1.77246794e-01  8.18272978e-02
 -1.55841649e-01 -3.86665910e-02  2.73406327e-01  1.14183411e-01
  3.34037058e-02 -4.88757581e-01  2.73729831e-01 -1.22016713e-01
  5.76876521e-01 -9.55935642e-02  4.43317406e-02  3.98071483e-02
 -2.28210911e-01  1.35520101e-01 -6.58165887e-02  2.82398254e-01
 -5.76467395e-01  1.51354864e-01  5.65047413e-02 -1.48170307e-01
 -6.82961941e-02  1.53421223e-01 -2.09037773e-02 -9.75393206e-02
 -2.89503783e-01  1.54331461e-01 -2.35962003e-01 -5.81447966e-03
  6.07971847e-02 -1.34861156e-01  1.43919364e-01  1.03638165e-01
  1.78435519e-02 -1.43705890e-01 -1.60427958e-01  8.52036104e-02
 -1.51355967e-01  4.82759252e-02 -7.96363592e-01  3.56392562e-02
  1.43190563e-01 -1.02045193e-01 -2.91686747e-02  5.14560379e-02
 -1.02927729e-01 -3.75348851e-02 -6.19692087e-01  3.07469629e-02
  2.01887608e-01 -1.10079637e-02 -4.18910408e+00 -9.22078192e-02
  1.83803064e-03 -1.61714219e-02  6.01368025e-02  3.50585878e-01
 -2.91957818e-02  2.37428412e-01  2.38953717e-02  3.81989688e-01
  1.79370120e-01  9.09191743e-02 -4.86242250e-02 -1.14228673e-01
 -1.68931887e-01  2.49632910e-01  1.98952094e-01  1.42135814e-01
 -3.96937639e-01  8.50589275e-02  8.11208785e-02 -1.71022430e-01
  7.75431469e-02  2.24146284e-02  2.15175360e-01 -1.37228712e-01
 -1.12571875e-02 -9.21164006e-02 -3.44553664e-02  1.55341446e-01
  4.85965535e-02 -2.50484645e-01 -6.60213411e-01 -9.18207407e-01
  3.00950468e-01 -1.60350874e-01  1.05992086e-01 -8.56686682e-02
  8.63318518e-02  2.91366160e-01  1.19348623e-01  8.19920003e-02
  1.42820865e-01 -2.15592742e-01 -4.28343080e-02 -1.23239622e-01
  2.86109060e-01  3.11726928e-01 -3.07802320e-01  8.46867681e-01
 -3.01472023e-02  1.92623213e-01 -1.71628952e-01 -9.81809944e-02
 -2.30774179e-01  1.05292447e-01 -1.31477877e-01 -1.62641898e-01
 -6.67648241e-02 -5.26042223e-01 -1.22757941e-01  3.08865104e-02
  1.66149151e+00 -1.49497107e-01 -1.32862210e-01 -7.69886300e-02
 -1.94374491e-02  1.38623849e-01 -5.47520459e-01  3.01101506e-01
  1.61374152e-01  1.56577397e-02 -8.15836489e-02 -2.31198952e-01
 -3.04175645e-01  1.09726235e-01  3.24345902e-02  1.28026173e-01
  6.18584082e-02  8.12406614e-02 -2.17496186e-01 -1.37708962e-01
 -2.94147823e-02 -1.93638295e-01  4.77743484e-02 -2.46962190e-01
 -1.87969565e-01 -8.56525227e-02 -3.78414750e-01 -3.29783745e-02
  3.70896488e-01 -3.08493339e-02  2.13760007e-02 -2.90010482e-01
  6.08653612e-02 -1.45657748e-01 -1.67933071e+00  1.06879413e-01
 -9.46799666e-02 -2.20147464e-02 -4.75475229e-02  1.97579473e-01
 -3.88357453e-02  4.43455458e-01  1.63753644e-01  1.18811853e-01
  4.47292589e-02 -3.70528221e-01  1.53906941e-01 -9.05375555e-02
 -5.90769202e-02  9.58745554e-02  5.95588163e-02 -1.86941713e-01
  1.96851473e-02 -3.35607976e-01 -3.51198465e-02  3.88776287e-02
  6.06058575e-02 -2.00370164e-03  1.16169967e-01 -3.08257908e-01
 -3.09211295e-03  9.48809311e-02  8.11593011e-02  6.72117844e-02
 -5.51460348e-02 -2.24140912e-01  9.32525024e-02  3.18472646e-02
 -7.53633827e-02  1.15186468e-01 -1.92090735e-01  1.29721269e-01
  2.24354997e-01  3.63452941e-01  2.27001071e-01 -1.18236773e-01]",MASI Investors Have Opportunity to Lead Masimo Corporation Securities Fraud Lawsuit,0
2023-09-08,"[-2.43379280e-01 -1.53456494e-01 -2.03787208e-01  2.00839356e-01
  4.13631238e-02 -2.13894784e-01 -1.39934748e-01 -6.57553959e-04
  6.20083570e-01  8.46377946e-03 -1.09438345e-01 -5.13304114e-01
 -1.50195152e-01  3.63770723e-02  4.79747713e-01  1.10072970e-01
 -7.42770499e-03  3.29057239e-02  1.23925798e-01  1.65370747e-01
 -1.36300340e-01  2.37285234e-02 -1.31482884e-01  8.00059661e-02
 -1.71586081e-01 -2.17825904e-01  4.05973047e-01  6.00167038e-03
 -6.16112687e-02 -2.49361530e-01  1.76760033e-01  8.13782811e-02
 -1.76000968e-01  4.03363965e-02  1.36510700e-01  2.42977776e-02
  1.76080354e-02  2.87384003e-01  4.38841730e-02 -2.40371823e-01
  1.30139127e-01 -3.42236422e-02 -5.11659384e-01 -3.64539325e-01
 -3.95083666e-01  4.85928692e-02  3.15917134e-01  5.01753651e-02
 -9.79135334e-02  1.31183416e-01 -2.22531542e-01  3.47063363e-01
  1.61000669e-01  3.23430568e-01 -3.43625061e-02 -1.32665604e-01
  1.41118634e-02  6.66371454e-03  4.40119728e-02  1.28869116e-01
  1.87322810e-01 -7.88700134e-02 -3.56828243e-01  7.73092136e-02
 -4.46319804e-02 -1.64971203e-01  3.35845232e-01  2.70914525e-01
  5.37492856e-02  1.50023215e-03 -1.21610956e-02  6.81558922e-02
  2.68735319e-01 -1.65055916e-02 -3.93432081e-02 -1.02647468e-02
  3.77384186e-01 -4.48486745e-01 -6.56945407e-02  1.42246440e-01
 -1.13852136e-01  1.68075308e-01  3.62318575e-01 -1.26371741e-01
 -8.55890289e-02 -2.13532194e-01  1.80307761e-01  1.27022654e-01
  2.47793123e-01 -1.63285404e-01 -8.54266807e-02 -3.30026187e-02
 -8.51065479e-03  5.45402877e-02 -4.35864568e-01 -1.44732580e-01
  2.06816778e-01 -2.01241806e-01 -4.51716036e-03 -3.35793905e-02
  3.58566552e-01  2.17996780e-02  5.30386791e-02  2.40459442e-01
  7.30494969e-03  2.20176935e-01  6.07654214e-01 -4.85609621e-02
 -1.77750945e-01 -1.78845510e-01  1.45526990e-01  9.82440170e-03
 -1.15206897e-01 -5.75212250e-03  2.37875968e-01 -4.64600744e-04
 -3.56758945e-02 -7.76801527e-01  1.88316852e-01 -1.07977808e-01
  8.03566992e-01 -2.00644523e-01  5.88654354e-03  6.70035630e-02
 -1.01371564e-01  1.59281477e-01 -6.28324524e-02  2.76937515e-01
 -6.14349902e-01  4.09600884e-02  8.52453783e-02 -1.22860529e-01
 -1.85952131e-02  1.97544500e-01  1.01288453e-01 -4.10995260e-02
 -2.30043739e-01  6.56474456e-02 -2.53457069e-01 -1.34426937e-01
  6.19678423e-02 -9.68127549e-02  1.13272041e-01  3.47286128e-02
 -9.00668353e-02 -2.10707128e-01 -1.85673848e-01  4.45857346e-02
  5.73823415e-02  1.12027757e-01 -6.23264968e-01  1.19539397e-03
  6.18709922e-02 -1.10545523e-01 -1.78115107e-02  7.21075386e-02
 -1.77864656e-01 -4.80875596e-02 -6.26753330e-01  3.75266746e-02
  2.22832173e-01 -8.64345431e-02 -4.02587461e+00 -1.33125648e-01
 -5.04180491e-02 -6.15624264e-02  6.64283335e-02  4.55254257e-01
 -1.40996161e-03  2.03792453e-01 -3.65885682e-02  4.01241153e-01
  7.29376152e-02  1.78345263e-01 -7.64960572e-02 -1.43252239e-01
 -6.00717552e-02  2.08500892e-01  1.61811128e-01  1.68639600e-01
 -3.08585495e-01  2.81531155e-01 -6.96021924e-03 -1.18459016e-01
  6.12407327e-02 -8.01772904e-03  2.26348400e-01 -2.28573740e-01
  3.99405211e-02 -1.02496982e-01 -1.57580763e-01  1.94740966e-02
  1.26680985e-01 -1.31716788e-01 -6.25278354e-01 -7.80179501e-01
  2.88741529e-01 -1.33993402e-01 -1.68896224e-02 -1.96663424e-01
  7.17612281e-02  1.65115520e-01  1.69892028e-01  1.41773075e-01
  2.06712753e-01 -2.74514198e-01 -1.02673694e-02 -1.10080317e-01
  1.71871558e-01  5.00589907e-01 -3.91560525e-01  8.43982935e-01
  6.04031533e-02  1.14120260e-01 -8.19080696e-02 -1.30119070e-01
 -1.66074887e-01  1.56090721e-01 -2.35725775e-01 -1.38373971e-01
 -1.83886498e-01 -3.00383270e-01 -1.08083069e-01 -1.12231098e-01
  2.21083713e+00 -9.73653719e-02 -2.48905107e-01 -1.80014968e-02
 -1.83746248e-01  9.39196870e-02 -2.47960180e-01  5.23679495e-01
  2.74088383e-01  1.12369239e-01 -5.15131950e-02 -2.42849305e-01
 -2.84224719e-01  1.46954566e-01 -4.43279091e-03  2.00788811e-01
  1.13982465e-02 -7.89024681e-03 -1.41380355e-01 -1.48125574e-01
  2.34194044e-02 -1.15335226e-01  1.08470306e-01 -1.95217833e-01
 -7.29423240e-02 -1.04370967e-01 -3.31960320e-01 -3.43025923e-02
  2.31591970e-01 -1.33982301e-01 -3.33275204e-03 -1.48753539e-01
  1.07776783e-02 -9.53309834e-02 -1.71493721e+00  1.52482167e-01
 -7.33213052e-02  4.77146953e-02  2.46550404e-02  1.39378846e-01
 -2.10005119e-01  3.71201575e-01  2.38120422e-01  1.67179048e-01
  8.75268131e-02 -2.98682779e-01  2.26917878e-01 -1.31672144e-01
 -6.37354329e-02  5.38976267e-02  6.19107112e-02 -2.30062902e-01
  1.18862137e-01 -3.22576702e-01 -1.31959796e-01  2.63398774e-02
 -2.12102346e-02 -6.97454289e-02  1.99242607e-01 -1.90917760e-01
 -4.87633087e-02  5.51162176e-02  8.28795731e-02  7.20099956e-02
  8.66495743e-02 -1.50188476e-01  1.86036184e-01  5.50872786e-03
  1.29497394e-01  1.18480437e-01 -1.81207821e-01  1.09795995e-01
  2.38054276e-01  3.99387509e-01  1.60107359e-01 -2.91436333e-02]",Unveiling Essex Property Trust (ESS)'s Value: Is It Really Priced Right? A Comprehensive Guide,3
2023-09-09,"[-1.94874257e-01 -1.22169532e-01 -2.31669575e-01  1.67998433e-01
  1.18201375e-01 -2.25554809e-01 -1.33897513e-01  8.44971538e-02
  6.05608284e-01  2.24477295e-02 -5.95361553e-02 -4.76422012e-01
 -1.96475700e-01  8.61691833e-02  4.50679630e-01  9.83350128e-02
  1.01951636e-01 -6.64392812e-03  1.91562101e-01 -1.74904391e-02
 -1.16490245e-01 -1.33305741e-02 -2.23993838e-01  1.53589740e-01
 -1.90758407e-01 -1.76422834e-01  3.27776432e-01  8.92439336e-02
 -7.93841630e-02 -2.30337515e-01  1.41223773e-01  4.79695462e-02
 -5.92708252e-02  2.61813570e-02  9.51871499e-02  1.05314292e-01
  9.64324772e-02  1.71730056e-01  2.29015797e-02 -1.36561081e-01
  1.48389831e-01 -8.64571258e-02 -4.64028627e-01 -2.48167887e-01
 -2.83698678e-01  7.45809376e-02  3.81800771e-01  7.67921284e-02
 -1.67610839e-01  2.51810908e-01 -1.44987717e-01  3.43133986e-01
  5.91620281e-02  2.98661917e-01 -8.23003948e-02 -1.32217780e-01
  3.42158489e-02 -1.09496368e-02 -1.99346337e-02  1.52913660e-01
  1.11890756e-01 -9.05799121e-02 -3.01907778e-01  4.53824326e-02
 -1.57153830e-02 -1.34119064e-01  2.43442953e-01  2.22929865e-01
 -4.00888473e-02  4.34852950e-02 -2.61066128e-02  1.53749706e-02
  1.18276939e-01 -6.58591613e-02 -6.73582256e-02  6.34451956e-02
  3.27104092e-01 -4.38933194e-01 -3.80268432e-02  5.91732562e-02
 -1.17084771e-01  8.54253918e-02  2.83894539e-01 -1.20514892e-01
 -1.82551265e-01 -2.04498127e-01  1.67039678e-01  1.36681810e-01
  2.41969422e-01 -2.34751880e-01 -1.37005389e-01 -5.77779934e-02
 -1.42346893e-03 -1.15356632e-02 -3.23903978e-01 -1.12066023e-01
  1.87780619e-01 -1.45979747e-01 -3.84906083e-02 -7.67887235e-02
  2.39837721e-01  3.16991061e-02  1.11559011e-01  2.07924992e-01
  4.72130179e-02  1.33102536e-01  6.26712739e-01  5.69745451e-02
 -1.81308866e-01 -2.35507026e-01  1.17560327e-01  4.35203612e-02
 -1.20209694e-01  1.68875679e-02  2.89303541e-01 -2.60475893e-02
 -3.23395384e-03 -7.21301675e-01  2.70457387e-01 -1.70130774e-01
  9.78404403e-01 -1.38392746e-01 -4.56046090e-02  1.18354693e-01
 -1.34821787e-01  1.97390199e-01 -1.07220769e-01  2.59897619e-01
 -5.37179351e-01  1.64843481e-02  1.45894587e-01 -1.55252770e-01
 -3.91061790e-02  1.39084086e-01  2.48249657e-02 -5.64267971e-02
 -1.49543568e-01  5.78200743e-02 -1.93749905e-01 -7.96498582e-02
  4.39881980e-02 -7.10384175e-02  2.01789081e-01  9.17128995e-02
 -9.64856297e-02 -2.31501102e-01 -1.15291007e-01  9.10011008e-02
  2.99134554e-04  1.38677284e-01 -5.75375259e-01 -6.33224566e-03
  1.71953827e-01 -1.73967451e-01 -3.24402191e-02  1.16048574e-01
 -7.80927995e-03 -2.76875179e-02 -5.74795663e-01 -2.46000085e-02
  1.57100961e-01 -5.54441214e-02 -3.87983871e+00 -6.74453005e-02
  5.42068705e-02 -1.14013672e-01  3.05929221e-02  2.67556459e-01
 -9.68299166e-04  1.65093780e-01 -8.36613029e-03  4.76196617e-01
  7.69871566e-03  1.91497162e-01 -6.72011822e-02 -5.30920438e-02
 -1.28547996e-01  1.99271098e-01  1.83215439e-01  2.14512765e-01
 -3.22992712e-01  1.66398302e-01  7.78448163e-03 -1.32917106e-01
  9.19164196e-02  6.93714321e-02  1.73816368e-01 -2.70173073e-01
 -3.05328164e-02 -1.64842412e-01 -1.99193716e-01  5.12889884e-02
  1.12522893e-01 -1.16718553e-01 -6.17052138e-01 -9.21795249e-01
  1.94958016e-01 -1.39236942e-01  4.68471125e-02 -1.99765071e-01
  3.23121622e-02  2.01108530e-01  1.70798317e-01  8.80468711e-02
  1.46956295e-01 -3.48336458e-01  4.81996872e-02 -1.03411108e-01
  2.69515604e-01  4.92320448e-01 -3.83845896e-01  9.95364726e-01
  6.73157424e-02  1.35252699e-01 -8.23622197e-02  1.03828292e-02
 -1.28625855e-01  4.93793152e-02 -2.10264012e-01 -1.86148882e-01
 -1.57032400e-01 -2.93526977e-01 -9.28126350e-02 -1.26112357e-01
  1.99878037e+00 -6.92421794e-02 -2.56159008e-01  1.20951971e-02
 -1.24663055e-01  5.81682920e-02 -3.28393638e-01  4.46660876e-01
  3.24876428e-01 -1.28375664e-02 -1.63304985e-01 -1.38367787e-01
 -2.74297416e-01  2.31133968e-01 -1.21080857e-02  1.91173047e-01
  3.03540491e-02  7.20330626e-02 -3.99062783e-02 -9.98167843e-02
 -2.61059888e-02 -1.61748365e-01  1.05520934e-01 -2.17506886e-01
 -1.10295556e-01 -1.28527790e-01 -2.79265046e-01 -6.25158772e-02
  2.93349922e-01 -6.97834343e-02  4.13895287e-02 -1.41510800e-01
 -8.30947611e-05 -1.27890818e-02 -1.47320986e+00  1.40819848e-01
 -1.38007015e-01  9.36445519e-02 -5.50586432e-02  1.61113918e-01
 -1.63152456e-01  3.05358589e-01  1.00963272e-01  1.95753008e-01
  7.42833763e-02 -2.16097355e-01  2.39646420e-01 -5.69877028e-02
 -9.04032495e-03 -5.92666306e-02  1.19240597e-01 -2.62682796e-01
  7.20372424e-02 -2.90172189e-01 -9.91563648e-02  1.05264910e-01
  3.90497297e-02 -6.26451671e-02  1.95747286e-01 -2.49950379e-01
  4.25876938e-02  5.82949258e-02 -8.37052055e-03 -6.21609576e-03
  5.74509725e-02 -1.38323694e-01  7.07476959e-02 -1.73816569e-02
  1.17547035e-01  6.32112846e-02 -7.56207183e-02  1.23622917e-01
  2.14945123e-01  4.03171867e-01  1.89580753e-01 -5.23438789e-02]","Range Resources Corporation (NYSE:RRC) Passed Our Checks, And It's About To Pay A US$0.08 Dividend",4
2023-09-09,"[-3.66480827e-01 -1.92445174e-01 -2.41844743e-01  8.80327448e-02
  1.21000782e-01 -2.10741594e-01 -1.67886868e-01  2.38833260e-02
  6.62637055e-01  1.41436385e-03 -1.18192449e-01 -4.90370691e-01
 -2.05928519e-01 -2.73105223e-02  4.21435505e-01  9.27573219e-02
  6.16595522e-02 -3.50119025e-02  1.43174350e-01  9.92406011e-02
 -1.53012812e-01 -5.54070584e-02 -3.31498563e-01  9.71853957e-02
 -1.39625654e-01 -2.09659442e-01  3.73526216e-01  1.15747795e-01
 -1.57397032e-01 -2.95889944e-01  1.10278040e-01  1.12278514e-01
 -1.12619109e-01  4.69105411e-03  7.75164887e-02  1.48554996e-01
  1.48734525e-01  1.52836785e-01  4.18652669e-02 -1.65111735e-01
  1.54130101e-01 -7.73345008e-02 -3.62025648e-01 -3.38435262e-01
 -8.97287726e-02  3.18461545e-02  2.54894167e-01  1.18629569e-02
 -5.11880182e-02  3.36990714e-01 -1.10833280e-01  2.75825411e-01
  5.19107468e-02  2.78770626e-01 -8.79168659e-02 -1.70711026e-01
  1.75560251e-01 -1.11687198e-01 -4.22830284e-02  1.00134917e-01
  1.61424801e-01 -5.13554225e-03 -3.00180793e-01  7.40133002e-02
 -1.40362317e-02 -1.28867984e-01  3.37181985e-01  2.38654390e-01
  2.89119352e-02  6.18261518e-03 -3.91483828e-02  1.38965532e-01
  2.62060076e-01 -6.50262162e-02 -4.61133718e-02 -2.42062323e-02
  3.32738400e-01 -3.68587703e-01 -7.14193434e-02  9.65913460e-02
 -1.52035192e-01  7.21681938e-02  3.35001200e-01  6.88903481e-02
 -1.77313522e-01 -1.51655644e-01  6.34905249e-02  1.22021116e-01
  3.19616228e-01 -3.08907926e-01 -9.40316319e-02  9.40785110e-02
  7.88867101e-03 -2.54947752e-01 -3.76224369e-01 -1.73154250e-01
  2.77866691e-01 -1.15890011e-01 -7.68851861e-02 -4.59316969e-02
  2.98246533e-01  1.22647844e-01  1.09377235e-01  3.26629639e-01
  2.71129776e-02  2.04534814e-01  6.81862533e-01  2.05922395e-01
 -2.05960050e-01 -2.38599598e-01  2.89973110e-01  1.34395450e-01
 -5.46218455e-02  9.32186916e-02  1.61642939e-01  7.64711127e-02
  1.50943687e-02 -5.81164777e-01  2.44129062e-01 -1.46296725e-01
  1.27821565e+00 -1.82523817e-01 -6.25109896e-02  4.97503877e-02
 -1.28457233e-01  1.61217958e-01  3.96709070e-02  2.34418571e-01
 -5.58250129e-01  8.52287561e-02  6.53495593e-03 -9.01357755e-02
 -2.96749081e-02  6.29793406e-02  8.39243829e-02 -3.49259526e-02
 -2.22411677e-01  7.96956718e-02 -3.38642389e-01  2.03469135e-02
  7.57316351e-02 -1.34942964e-01  1.84671432e-01  6.15771487e-02
 -1.83953762e-01 -1.83042660e-01 -1.37877643e-01 -4.76789698e-02
  3.86216901e-02  7.99682066e-02 -6.17919087e-01  7.67097846e-02
  5.79167753e-02 -1.62788376e-01  1.88016575e-02  1.39961526e-01
  1.20966947e-02 -1.46609783e-01 -6.97012246e-01 -5.12087569e-02
  2.75509447e-01  5.11263944e-02 -3.96955848e+00 -9.86699238e-02
 -4.86990213e-02 -9.52655729e-03  2.02053762e-03  2.64911473e-01
  1.50851831e-02  1.49324089e-01  6.91079423e-02  3.76057535e-01
  1.05432361e-01  8.64778385e-02 -5.79382814e-02 -1.34580165e-01
 -1.82413921e-01  1.43168673e-01  1.49474218e-01  8.40328187e-02
 -2.36407086e-01  1.45837322e-01  1.09980106e-01 -2.15556741e-01
  4.07772474e-02  9.82861444e-02  2.16430724e-01 -2.77610093e-01
 -1.69359401e-01 -1.59160584e-01 -1.75412104e-01  3.19793336e-02
  2.56817460e-01  7.52040669e-02 -6.17809713e-01 -8.39508414e-01
  2.30777010e-01 -1.97273806e-01 -1.27520869e-02 -1.65559545e-01
  3.28416601e-02  1.04970455e-01  1.90118015e-01  1.55719146e-01
  1.85054228e-01 -3.13396305e-01  8.35187137e-02 -1.51198044e-01
  3.30291271e-01  4.15178329e-01 -5.46052098e-01  1.16884458e+00
  2.17377450e-02  1.53932407e-01 -7.96540976e-02  2.58489605e-02
 -7.80969486e-02  1.19572803e-01 -2.07670346e-01 -1.85270488e-01
 -1.10452019e-01 -3.06921631e-01 -5.88421226e-02 -1.23396680e-01
  1.77342176e+00 -8.54738336e-03 -2.66644597e-01  3.32449824e-02
 -3.00604403e-01 -4.39725677e-03 -3.98920655e-01  4.66099471e-01
  4.24395800e-01  1.84221491e-02 -2.05019519e-01 -1.00206748e-01
 -2.35530108e-01  1.62774682e-01 -5.45549789e-04  1.76666960e-01
  9.51671153e-02  8.26655105e-02 -1.17694870e-01 -1.50131888e-03
 -4.58025113e-02 -3.31256896e-01  2.10715346e-02 -3.27617764e-01
 -1.03783101e-01 -1.37735337e-01 -2.80720174e-01  4.82168868e-02
  1.96499556e-01 -1.33449808e-01  6.87865615e-02 -2.45742425e-01
 -2.40868777e-02 -5.59674017e-02 -1.58310914e+00  1.80472136e-01
 -8.72491226e-02  1.07554287e-01 -6.54987246e-02  2.15218931e-01
 -1.61134362e-01  3.30718935e-01  8.29077736e-02  1.57469347e-01
  9.50986519e-02 -2.27492735e-01  1.99697196e-01 -8.72970000e-02
 -2.49425154e-02 -3.40688303e-02  2.25158110e-01 -2.63682395e-01
  2.43346374e-02 -2.81293094e-01 -2.74811909e-02  2.50111483e-02
  2.16062758e-02 -6.34333268e-02  2.89489478e-01 -2.37330168e-01
  1.62036896e-01  4.46356572e-02  1.09266266e-02  2.77912989e-02
  3.03848479e-02 -2.32707381e-01  1.04560535e-02 -2.99127083e-02
  1.77524120e-01  7.27754980e-02 -7.26488158e-02  9.11116078e-02
  1.19698040e-01  4.28413182e-01  1.06371239e-01 -1.06037527e-01]",The stock market is stuck in a typical but anxious seasonal pullback,2
2023-09-09,"[-2.41391033e-01 -1.61045596e-01 -2.70078868e-01  1.62830636e-01
  1.86150651e-02 -2.17915475e-01 -1.59879342e-01 -6.98732063e-02
  6.20737374e-01 -3.67676280e-02 -1.45584747e-01 -5.05645573e-01
 -1.65939376e-01 -1.26904193e-02  4.80219603e-01  5.29020987e-02
  4.70034070e-02  1.97059708e-03  2.08545879e-01 -1.36778085e-02
 -7.74550065e-02  5.46741113e-02 -1.66219845e-01  6.84654042e-02
 -1.48478925e-01 -2.66070992e-01  3.34481299e-01  1.06007077e-01
 -3.63511704e-02 -2.18658388e-01  2.20561624e-01  8.07424188e-02
 -1.11623608e-01  4.22756448e-02  1.14985965e-01  1.38772279e-01
  1.27681782e-02  1.57639056e-01  5.83352000e-02 -1.58244804e-01
  2.55881727e-01 -4.20700312e-02 -4.15361494e-01 -2.46846154e-01
 -3.01135510e-01  9.16310400e-02  2.45550707e-01 -9.04811453e-03
 -9.20549706e-02  1.82427928e-01 -1.40612453e-01  2.93121010e-01
  7.56954253e-02  2.09248990e-01 -1.18428402e-01 -1.98811710e-01
  5.87716550e-02 -3.94769050e-02  5.62284999e-02  1.12784885e-01
  1.30339995e-01  7.44613307e-03 -2.76786774e-01  8.05518925e-02
  5.33631584e-03 -1.84475169e-01  3.34831506e-01  2.65317321e-01
  3.36993039e-02 -9.58431885e-02  2.90945964e-03  9.41884741e-02
  2.01923206e-01 -4.90841866e-02 -9.64117199e-02 -5.34909479e-02
  3.60486567e-01 -4.04671997e-01 -7.87625089e-02  2.36296207e-02
 -1.57551467e-01  8.20543766e-02  3.14040452e-01 -1.56903025e-02
 -1.29508883e-01 -2.50994712e-01  2.09046483e-01  1.51338890e-01
  2.53596216e-01 -1.68647155e-01 -6.48057759e-02  1.86895337e-02
  3.07568815e-02 -3.75493653e-02 -4.50678498e-01 -2.11847842e-01
  2.11699933e-01 -2.12947100e-01 -4.12412696e-02 -4.39200401e-02
  2.93935150e-01 -6.85473084e-02  8.98045376e-02  2.43024841e-01
  7.23330677e-02  1.83213398e-01  5.88513494e-01 -1.54809579e-02
 -2.40978777e-01 -9.92352664e-02  2.21332237e-01  7.72868842e-02
 -1.97303221e-02  2.24048570e-02  2.15621829e-01  9.72132981e-02
  9.82433837e-03 -5.42444050e-01  2.41356865e-01 -1.50305703e-01
  8.25567245e-01 -1.71556890e-01  3.25837806e-02  7.58234337e-02
 -1.85658798e-01  1.95469677e-01 -3.62084657e-02  3.14945638e-01
 -5.13721287e-01  8.23667273e-02  9.17928293e-02 -7.73900598e-02
 -2.71220170e-02  5.55142537e-02  4.53913249e-02 -1.69644337e-02
 -1.67215824e-01  8.53218734e-02 -2.89262593e-01  8.50446802e-03
  1.80552937e-02 -1.08686388e-01  1.99785873e-01  4.52994406e-02
 -1.77958414e-01 -2.25710839e-01 -1.75531298e-01 -2.50978377e-02
 -2.97160298e-02  7.25139230e-02 -5.71414709e-01  5.50520122e-02
  1.95424870e-01 -1.07720427e-01  4.04496938e-02  5.99362142e-02
 -2.34822538e-02 -1.24191679e-01 -6.06714785e-01  2.04058606e-02
  1.70413151e-01  5.02625033e-02 -4.18450499e+00 -1.49477348e-01
 -1.41181601e-02 -1.16408817e-01 -1.08755510e-02  2.36304849e-01
 -2.87080482e-02  2.26583183e-01 -4.99213114e-02  4.34280276e-01
  9.94301885e-02  1.95640966e-01 -1.81365535e-01 -1.67538196e-01
 -1.90369681e-01  1.68424457e-01  1.10002585e-01  6.77705854e-02
 -2.85290450e-01  2.36528650e-01  9.41910446e-02 -2.00233638e-01
  2.60361955e-02  3.06847077e-02  9.96665955e-02 -2.30255663e-01
 -7.84291979e-03 -1.38197944e-01 -1.24001205e-01  1.20880857e-01
  1.60420910e-01 -1.14042945e-01 -6.54959977e-01 -9.42269146e-01
  3.12643647e-01 -1.87246427e-01  5.52001670e-02 -7.40792379e-02
  6.02340996e-02  2.18161210e-01  1.92901716e-01  7.94881880e-02
  2.11753935e-01 -2.13901132e-01  5.07619493e-02 -8.77470300e-02
  2.19848841e-01  4.05288041e-01 -4.46059406e-01  1.00024581e+00
  8.93856660e-02  1.78073689e-01 -1.19611502e-01 -7.18917251e-02
 -7.26121888e-02  1.41221493e-01 -1.42220035e-01 -1.69469312e-01
 -1.13168530e-01 -2.95305133e-01 -1.42647251e-01 -1.16628364e-01
  1.75226569e+00 -5.81885241e-02 -2.12154433e-01  3.33514847e-02
 -1.30167142e-01  1.10960916e-01 -4.65018928e-01  4.41352546e-01
  3.07670832e-01  2.71938201e-02 -1.55713290e-01 -2.18490630e-01
 -1.99266002e-01  1.65535614e-01  5.86846434e-02  9.96123850e-02
 -2.72446517e-02  1.52414693e-02 -1.99918225e-01 -4.53891829e-02
  5.63957170e-02 -3.14652532e-01  1.05257355e-01 -3.59258294e-01
 -1.66876659e-01 -1.03570372e-01 -3.21474820e-01 -9.91811603e-02
  3.02181631e-01 -1.84395164e-01 -5.09028658e-02 -2.00887591e-01
 -1.21491924e-02 -6.11047409e-02 -1.49075639e+00  1.74242377e-01
 -1.03007965e-01  1.33400545e-01 -6.58502877e-02  1.66096076e-01
 -1.95855036e-01  3.93255860e-01  2.31014282e-01  1.07453011e-01
  1.24427989e-01 -2.45853007e-01  1.62139818e-01 -1.16044804e-01
 -9.07379612e-02  4.89449780e-03  9.56424102e-02 -2.49486819e-01
  7.35046640e-02 -2.47415736e-01 -6.49581775e-02  2.01261137e-02
  1.19785289e-03 -1.05899274e-01  1.84195563e-01 -2.92532891e-01
 -3.04919481e-02  1.96765848e-02  8.13633762e-03  5.39201126e-02
 -1.96357761e-02 -2.34976292e-01  3.63168530e-02  2.76943035e-02
  7.83806294e-02  5.34428358e-02 -1.57909885e-01  6.82341829e-02
  2.49705002e-01  4.04027730e-01  1.20154679e-01 -1.08942188e-01]",Returns On Capital Signal Tricky Times Ahead For Boston Scientific (NYSE:BSX),5
2023-09-10,"[-3.57322842e-01 -2.51116842e-01 -3.72342587e-01  1.15801834e-01
  6.77641556e-02 -1.21274397e-01 -7.51443654e-02  8.47116411e-02
  5.66940010e-01 -2.73417886e-02 -9.10481811e-02 -3.70266825e-01
 -1.08847357e-01 -6.67348430e-02  4.80197728e-01  1.29714217e-02
  4.55166027e-02 -9.77739226e-03  2.08714724e-01  1.71464667e-01
 -7.43692368e-02  5.68993017e-02 -2.58889079e-01  1.88796669e-01
 -3.68711837e-02 -2.28987262e-01  4.76651877e-01  1.39330998e-01
 -1.28136262e-01 -1.18889637e-01  1.53668746e-01  1.06976941e-01
 -1.03468440e-01 -2.60916092e-02  1.02537788e-01  1.95509151e-01
  1.94467545e-01  1.61214009e-01  1.47722185e-01 -1.88767835e-01
  1.76530793e-01 -9.30835381e-02 -3.90821993e-01 -2.33622760e-01
 -1.97989076e-01  7.73542374e-02  2.32734472e-01 -8.42874125e-02
 -1.16351292e-01  3.54378343e-01 -3.26626748e-02  3.43210787e-01
 -6.11760393e-02  2.74735689e-01  1.88907571e-02 -1.44723698e-01
  6.47285208e-02 -1.14900269e-01  4.40487526e-02  3.28869410e-02
  1.17636733e-01 -3.21910679e-02 -3.10649067e-01  1.16652653e-01
 -1.87324286e-02 -1.33264855e-01  2.53846258e-01  2.49471024e-01
  1.49205998e-01  1.04215138e-01 -5.30928336e-02  1.60121366e-01
  1.77860916e-01 -1.50643334e-01 -9.73347872e-02 -2.87638772e-02
  3.78456354e-01 -3.87497276e-01  1.79027382e-03  3.22889648e-02
 -8.16689953e-02  1.44293755e-01  3.46883804e-01 -1.73338619e-03
 -1.44570261e-01 -1.56014815e-01  1.03717715e-01  2.29156300e-01
  1.81002766e-01 -3.37031990e-01 -1.26426056e-01  2.15663612e-02
 -7.24287778e-02 -1.68780044e-01 -4.58199620e-01 -1.13797970e-01
  1.43385366e-01 -4.77127098e-02 -3.34691480e-02 -1.45553544e-01
  3.51570636e-01 -9.05064046e-02  1.22957334e-01  3.14135373e-01
  2.36436054e-02  2.44533718e-01  6.38945043e-01  9.77902636e-02
 -2.65659690e-01 -3.08055341e-01  2.93844730e-01  1.82544544e-01
 -7.58261606e-02 -9.29409266e-03  2.28411302e-01  7.02700168e-02
  4.12560860e-03 -4.66263980e-01  2.67449737e-01 -2.10932940e-01
  1.00468397e+00 -1.19895972e-01 -1.04806125e-01 -2.37470400e-02
 -2.23413706e-01  1.06779844e-01  4.85325456e-02  1.91243351e-01
 -4.57316816e-01  1.72453269e-01  1.01360179e-01 -1.76819608e-01
 -8.99912566e-02  7.71338791e-02  1.26757041e-01 -7.55378455e-02
 -2.28591695e-01  1.93685219e-01 -2.46091560e-01  4.02701162e-02
  5.63075431e-02 -2.21840248e-01  1.69643953e-01  1.01714365e-01
 -1.08528003e-01 -1.29993960e-01 -1.39587164e-01 -8.52770880e-02
 -1.48738446e-02  1.28537286e-02 -7.15897560e-01  7.43098259e-02
  4.03366089e-02 -1.49735361e-01 -1.20583721e-01  9.91094857e-02
 -6.44393116e-02 -6.78651482e-02 -7.02914298e-01  4.04755473e-02
  2.17349395e-01 -2.19334532e-02 -4.14540720e+00 -3.78612392e-02
  7.89175648e-03  1.06734015e-01  6.44653440e-02  2.39762947e-01
 -6.00748230e-03  9.84281749e-02  7.13711604e-02  3.53737414e-01
  1.38325781e-01 -2.33453661e-02  4.92040925e-02 -1.52422577e-01
 -1.32531807e-01  2.50090599e-01  1.82907984e-01  7.99065903e-02
 -2.34016284e-01  1.07446611e-01  6.47505522e-02 -2.33761787e-01
  4.44582012e-03  8.25415254e-02  2.52545774e-01 -2.21503273e-01
 -1.46603823e-01 -8.83973688e-02 -8.66060704e-02  3.82473320e-02
  1.59089193e-01 -9.72918943e-02 -6.50188744e-01 -8.62755716e-01
  2.89802581e-01 -1.48432121e-01  1.62356049e-02 -1.15086481e-01
  1.35929123e-01  1.90630287e-01  1.27413154e-01  2.04694673e-01
  1.60466775e-01 -2.73768514e-01  1.84509298e-03 -1.99883774e-01
  3.92235845e-01  3.07442963e-01 -4.21516746e-01  1.04588664e+00
 -3.59317362e-02  1.28908977e-01 -1.43644080e-01  3.27775404e-02
 -1.83821470e-01  1.89026698e-01 -1.35043383e-01 -2.44624838e-01
 -9.52879339e-02 -3.82803351e-01 -1.60638765e-01 -4.83994856e-02
  1.55147767e+00 -1.38629705e-01 -1.89591527e-01 -6.11859597e-02
 -2.25137562e-01  1.25817686e-01 -4.21254963e-01  3.49032491e-01
  2.30578184e-01  3.85215096e-02 -1.56449109e-01 -1.87491551e-01
 -2.67955840e-01  1.05477430e-01  9.00027379e-02  1.29839018e-01
  5.75388446e-02  9.32834893e-02 -1.58099025e-01 -1.10655792e-01
 -6.36956021e-02 -3.19839001e-01  1.86203241e-01 -1.56526119e-01
 -2.09107563e-01 -1.52389720e-01 -2.75585562e-01  2.11174469e-02
  3.18491906e-01 -5.57582453e-02  7.96817690e-02 -3.23567986e-01
  1.82782710e-02 -9.63258520e-02 -1.58943486e+00  1.46298051e-01
 -1.18262291e-01  5.18411770e-03 -5.63305132e-02  2.47163489e-01
 -4.29042764e-02  3.73791516e-01  3.98330316e-02  9.67761949e-02
  6.59598783e-02 -3.39987159e-01  1.78841576e-01 -7.70835355e-02
  1.09306648e-02  4.58359420e-02  1.02655545e-01 -2.84910500e-01
  2.02565473e-02 -3.16593230e-01  9.91939008e-03  2.76624504e-02
  8.46774951e-02 -3.88581827e-02  3.03931713e-01 -3.79303545e-01
  8.35319385e-02  8.46988112e-02 -1.16796959e-02  6.85554892e-02
  2.11348734e-03 -2.31972247e-01  5.08688390e-02 -8.53074864e-02
  3.93432416e-02  1.32577885e-02  8.25273280e-04  1.00104533e-01
  8.44338238e-02  4.61067200e-01  2.19127342e-01 -8.79103094e-02]","Stocks notch back-to-back wins Monday, Nasdaq pops 1% as tech shares rebound: Live updates",1
2023-09-10,"[-2.42850184e-01 -1.50254771e-01 -2.80408174e-01  1.74182802e-01
  7.92769492e-02 -1.98436514e-01 -1.64156288e-01 -3.74205559e-02
  6.56470537e-01  7.90523831e-03 -1.68829635e-01 -4.67366934e-01
 -1.41298011e-01 -1.30808097e-03  4.76501197e-01  6.18972443e-02
  2.88331024e-02  3.66042778e-02  1.99321747e-01  5.54442033e-02
 -8.88313130e-02  3.66088934e-02 -1.77406579e-01  7.32952207e-02
 -1.98955864e-01 -2.13318199e-01  3.21503639e-01  9.72641259e-02
 -4.70463559e-02 -2.42955655e-01  1.88289806e-01  5.06776720e-02
 -1.12607844e-01  6.66454434e-02  1.17512055e-01  9.13436711e-02
  9.42889601e-03  2.05558434e-01  3.87055166e-02 -1.77503780e-01
  1.99112698e-01 -9.90599766e-03 -4.38918620e-01 -2.53884166e-01
 -3.20957810e-01  6.54641390e-02  2.63962001e-01 -4.80065569e-02
 -9.36103091e-02  1.55299753e-01 -1.71740577e-01  2.70825386e-01
  8.85385051e-02  1.69403479e-01 -1.00791439e-01 -1.53680339e-01
 -2.15565693e-03 -6.07936718e-02  3.51626277e-02  1.07557550e-01
  1.39516696e-01 -1.25546372e-02 -2.96908826e-01  9.34869498e-02
 -4.13186811e-02 -1.64383486e-01  3.38134348e-01  2.46466264e-01
  5.36607541e-02 -6.70410991e-02  3.57476319e-03  1.19812079e-01
  1.93177253e-01 -2.81259846e-02 -5.84739819e-02 -1.29437363e-02
  3.45964849e-01 -4.00564611e-01 -2.14542896e-02  4.45573740e-02
 -1.21392049e-01  9.53807756e-02  3.54209423e-01 -6.84846342e-02
 -1.36489481e-01 -2.52492219e-01  1.92150220e-01  1.37245059e-01
  2.52832264e-01 -1.72501460e-01 -6.35122061e-02 -7.49105634e-03
  4.60460261e-02 -2.67743710e-02 -4.14246351e-01 -1.75541729e-01
  2.61938572e-01 -2.24695936e-01 -5.27186431e-02 -2.27112249e-02
  2.85029173e-01 -6.97688432e-03  7.71948099e-02  2.63116896e-01
  4.17332500e-02  1.90247312e-01  5.81071258e-01 -4.20773923e-02
 -2.15957925e-01 -9.59451571e-02  1.63729966e-01  4.25371416e-02
 -5.64923212e-02  1.60087720e-02  2.41026178e-01  2.32828557e-02
 -9.72424075e-03 -6.01371646e-01  1.81564182e-01 -1.71464592e-01
  8.64248991e-01 -1.59964904e-01  1.74120832e-02  1.16233520e-01
 -1.66921020e-01  2.09909573e-01 -5.61483130e-02  3.04258615e-01
 -5.29834390e-01  9.09224600e-02  9.76735577e-02 -7.35996291e-02
  4.21062810e-03  5.77398874e-02  6.62926808e-02 -4.66441438e-02
 -1.78298980e-01  6.29654154e-02 -3.09571177e-01  7.23997946e-04
  5.29175438e-02 -1.34951219e-01  1.87930435e-01  9.01447907e-02
 -1.44236088e-01 -1.90421551e-01 -2.23315716e-01 -4.03419398e-02
  1.00842984e-02  9.88573283e-02 -5.66665828e-01 -3.43821454e-03
  1.48508981e-01 -9.64554697e-02  1.87042449e-02  5.51040657e-02
 -7.34270886e-02 -8.75497013e-02 -5.84706664e-01  2.64881197e-02
  1.61193460e-01  1.82794500e-02 -4.11940670e+00 -1.54201448e-01
  1.34285484e-02 -1.31039485e-01  3.06538194e-02  2.04160392e-01
 -4.79121469e-02  2.32175872e-01 -1.74763333e-02  3.73211980e-01
  8.95278901e-02  1.82495564e-01 -1.45052254e-01 -1.33991659e-01
 -1.85049593e-01  1.78233832e-01  9.79749188e-02  8.38629678e-02
 -2.53566653e-01  2.56965011e-01  7.12164193e-02 -9.94407460e-02
  3.27862687e-02  6.94323257e-02  1.52442247e-01 -1.93357587e-01
  1.86478011e-02 -7.29250535e-02 -1.48989737e-01  9.31928456e-02
  9.00540575e-02 -1.08606197e-01 -6.44346118e-01 -9.18754876e-01
  3.43489945e-01 -1.52329072e-01  3.50432172e-02 -8.33956525e-02
  1.01181999e-01  1.86511040e-01  1.45250767e-01  9.88688469e-02
  2.03960344e-01 -2.28234857e-01  4.21681702e-02 -1.04865544e-01
  2.16497675e-01  4.03953612e-01 -4.30346131e-01  9.31105971e-01
  9.16435719e-02  1.62047237e-01 -1.14140660e-01 -5.71362004e-02
 -1.19165406e-01  9.88394767e-02 -1.55087426e-01 -1.74273118e-01
 -1.02752313e-01 -2.76612967e-01 -1.16748482e-01 -1.12343587e-01
  1.80119896e+00 -7.51182288e-02 -2.40746841e-01 -2.65404414e-02
 -1.53441623e-01  9.14990082e-02 -3.76652658e-01  4.10140902e-01
  2.73572236e-01  5.53669035e-02 -1.16999842e-01 -2.05265492e-01
 -2.16897681e-01  1.58003643e-01  4.57676388e-02  1.12512738e-01
 -7.48902885e-03  2.01907437e-02 -1.73713163e-01 -5.18257953e-02
  7.32518956e-02 -2.52508998e-01  8.71691629e-02 -2.95987487e-01
 -1.32439196e-01 -8.24645832e-02 -2.83277422e-01 -4.58470583e-02
  2.62520134e-01 -1.48017257e-01 -1.41644571e-02 -1.99342981e-01
  5.72297722e-02 -3.28398459e-02 -1.54752183e+00  1.72825560e-01
 -1.24819525e-01  1.18334606e-01 -1.59694571e-02  1.33720204e-01
 -1.66811302e-01  3.56813520e-01  1.57804251e-01  8.00234601e-02
  8.04615542e-02 -2.34502137e-01  1.85910001e-01 -9.13587064e-02
 -9.24244002e-02  4.38918099e-02  8.27651471e-02 -2.39239499e-01
  7.06325471e-02 -2.09858656e-01 -5.10660037e-02  3.45189087e-02
  3.88444937e-03 -9.02832299e-02  2.11798742e-01 -2.33657658e-01
 -5.13531826e-02  4.04893458e-02  3.11043635e-02  3.08600422e-02
 -9.61339939e-03 -2.18226805e-01  9.22356620e-02  4.35614446e-03
  9.23731476e-02  1.05003238e-01 -1.65343225e-01  1.63074452e-02
  2.05702409e-01  4.17623997e-01  1.40700325e-01 -6.10231645e-02]",Knowles (NYSE:KN) Has More To Do To Multiply In Value Going Forward,5
2023-09-10,"[-2.48032779e-01 -1.74640045e-01 -2.63615578e-01  1.82342231e-01
  1.96234621e-02 -1.93607122e-01 -1.24802090e-01 -9.34273452e-02
  6.09944701e-01 -3.78659591e-02 -1.09102666e-01 -5.03338277e-01
 -1.23836443e-01  1.95392035e-02  4.88615245e-01  7.46974573e-02
  4.34101298e-02  3.07801319e-03  2.01908767e-01  2.77211219e-02
 -9.29856151e-02  5.95294870e-02 -1.47496000e-01  4.26493213e-02
 -1.52588993e-01 -2.52592027e-01  3.39638889e-01  9.45970193e-02
 -3.56557444e-02 -2.19441950e-01  2.06080958e-01  6.68987632e-02
 -1.06788963e-01  6.91261590e-02  1.09109938e-01  7.19867572e-02
  6.19117229e-04  1.58203557e-01  3.96222584e-02 -1.77586451e-01
  2.51194239e-01 -3.67200300e-02 -4.15467411e-01 -2.34808236e-01
 -3.19062382e-01  8.10504854e-02  2.68052518e-01 -1.56363882e-02
 -1.36650205e-01  1.14755429e-01 -1.56760156e-01  3.10857236e-01
  9.43956599e-02  1.60117090e-01 -1.12424277e-01 -2.13040352e-01
  3.97920534e-02 -6.26350865e-02  9.89562422e-02  1.09868795e-01
  1.21987857e-01  2.77943779e-02 -2.53652543e-01  6.26693070e-02
  4.56500053e-03 -2.22002804e-01  3.04840833e-01  2.12945700e-01
  4.95047532e-02 -7.49454796e-02  1.68795008e-02  9.97939929e-02
  1.60661265e-01 -9.21317190e-02 -1.01641349e-01 -6.42971769e-02
  3.53022665e-01 -3.99327099e-01 -4.03357558e-02  3.03181354e-02
 -1.42505303e-01  6.01487234e-02  3.14378321e-01 -5.92567921e-02
 -1.49894938e-01 -2.66308099e-01  2.35755205e-01  1.64639026e-01
  2.46201873e-01 -1.90271720e-01 -6.27973676e-02  1.77426822e-02
  2.91257463e-02  1.31967710e-04 -4.28581119e-01 -2.02123582e-01
  2.14561522e-01 -2.03216672e-01 -2.64774710e-02 -7.11200535e-02
  2.99741238e-01 -1.03955939e-01  1.07219785e-01  2.47246176e-01
  9.03574899e-02  1.78397432e-01  5.46961725e-01 -1.38786873e-02
 -2.37527743e-01 -1.11279264e-01  2.01014593e-01  8.73654261e-02
 -1.05908485e-02  4.20998503e-03  2.18313321e-01  6.89240247e-02
 -1.63673069e-02 -5.52648365e-01  2.08203390e-01 -1.84723750e-01
  7.88999081e-01 -1.28870428e-01 -1.05821518e-02  7.99627006e-02
 -2.03399107e-01  2.00275004e-01 -5.30854426e-02  3.16012174e-01
 -4.72680539e-01  8.63391086e-02  1.02688968e-01 -5.69536313e-02
 -2.30522677e-02  7.58523718e-02  5.51957004e-02 -2.38716649e-03
 -1.50972605e-01  3.51063386e-02 -2.85934091e-01  1.30796088e-02
  1.01623936e-02 -1.38590544e-01  2.03611761e-01  5.57550564e-02
 -1.65684193e-01 -2.04898030e-01 -1.71493694e-01 -1.90746784e-02
 -1.14381025e-02  5.03381416e-02 -5.11276841e-01  2.76335459e-02
  1.84895977e-01 -1.22221112e-01  4.32148725e-02  6.36209399e-02
 -3.48543040e-02 -8.04982260e-02 -5.72601557e-01  2.85383724e-02
  1.53363168e-01  3.03598847e-02 -4.12169743e+00 -1.34099215e-01
 -8.01825617e-03 -1.00624464e-01  4.75533791e-02  2.02419937e-01
 -2.21018288e-02  2.36485600e-01 -5.50387502e-02  3.53466958e-01
  9.07234550e-02  1.83050498e-01 -1.32738575e-01 -1.69620171e-01
 -1.92395419e-01  1.64678305e-01  9.42360684e-02  6.73956722e-02
 -2.59349108e-01  2.22408697e-01  5.73288500e-02 -1.97553262e-01
  4.36170883e-02  4.20154110e-02  8.47087055e-02 -2.09800422e-01
  1.02577303e-02 -8.69422257e-02 -1.00639351e-01  1.23901285e-01
  1.25107154e-01 -1.04943529e-01 -6.39656544e-01 -9.25968170e-01
  3.65388840e-01 -1.78785309e-01  4.47439365e-02 -5.68179600e-02
  9.82767791e-02  1.90972015e-01  1.32377923e-01  5.10414205e-02
  2.47119531e-01 -1.77161172e-01  2.92279720e-02 -1.04011245e-01
  2.08954692e-01  3.93019855e-01 -4.31336761e-01  1.01647913e+00
  7.04518482e-02  1.66747272e-01 -1.16158538e-01 -6.08552918e-02
 -1.01944894e-01  1.48561493e-01 -1.00932211e-01 -2.00216532e-01
 -1.47682235e-01 -2.66864032e-01 -1.49606198e-01 -8.43779817e-02
  1.70729983e+00 -7.55254850e-02 -2.05631584e-01  1.98567100e-02
 -1.08150497e-01  1.30827755e-01 -3.92720670e-01  4.58491743e-01
  2.55941659e-01  5.35370149e-02 -1.55140236e-01 -2.25206748e-01
 -1.98342010e-01  1.58130154e-01  9.07617584e-02  8.44742581e-02
 -1.94254778e-02 -8.12213309e-03 -2.07722470e-01 -5.39927632e-02
  9.91536528e-02 -3.09439540e-01  1.51077688e-01 -3.20330292e-01
 -1.72534779e-01 -8.63929987e-02 -2.79957354e-01 -8.13731402e-02
  3.14287156e-01 -2.00476840e-01 -6.28100336e-02 -2.26951167e-01
 -4.77835489e-03 -6.48303255e-02 -1.49009609e+00  1.41660988e-01
 -8.30829963e-02  1.41042367e-01 -3.23148444e-02  1.96535856e-01
 -1.72259256e-01  3.98642033e-01  2.18404979e-01  9.75199267e-02
  1.10824637e-01 -1.94354311e-01  1.65804163e-01 -1.18032701e-01
 -6.92216456e-02 -2.00839224e-03  4.57585156e-02 -2.33145207e-01
  7.33228251e-02 -2.25638896e-01 -7.16643557e-02  3.44821177e-02
  5.07989665e-03 -1.15295507e-01  1.81330636e-01 -3.04420203e-01
 -5.38509339e-02  2.35261228e-02  4.76118829e-03  3.61164436e-02
 -1.89834647e-02 -2.38165990e-01  7.64912516e-02  6.29272591e-03
  8.19464698e-02  4.78585362e-02 -1.36607468e-01  4.40264866e-02
  1.99657202e-01  4.38191772e-01  1.01336703e-01 -1.11657396e-01]",Returns At SiteOne Landscape Supply (NYSE:SITE) Appear To Be Weighed Down,5
2023-09-10,"[-2.75031090e-01 -1.44704074e-01 -2.52681792e-01  1.92037374e-01
  1.63984392e-02 -2.21844479e-01 -1.32271469e-01 -7.23687857e-02
  6.30642235e-01 -7.39189684e-02 -1.31271735e-01 -4.91373092e-01
 -1.27805859e-01 -8.74602795e-03  4.99553263e-01  6.30868450e-02
  3.68546098e-02 -2.26606727e-02  1.78630367e-01  4.76445742e-02
 -6.26999959e-02  4.37502004e-02 -1.37696624e-01  3.63871157e-02
 -1.45981923e-01 -2.68575191e-01  3.38300765e-01  8.09170529e-02
 -4.01749909e-02 -2.24809885e-01  2.09510550e-01  6.48407266e-02
 -1.08517453e-01  7.19706640e-02  1.29003048e-01  8.33189636e-02
 -7.07559334e-03  1.98724374e-01  1.13615775e-02 -1.59621462e-01
  2.32090130e-01 -5.03187701e-02 -4.11621183e-01 -2.99218446e-01
 -2.88325578e-01  1.03695147e-01  2.64930248e-01  4.12425175e-02
 -1.15698747e-01  1.55493662e-01 -1.75939187e-01  3.23712081e-01
  8.37827250e-02  1.91768825e-01 -8.06999654e-02 -2.09625751e-01
  4.16476950e-02 -5.58324978e-02  6.17693663e-02  1.19491272e-01
  1.49557158e-01 -1.06364423e-02 -2.49190643e-01  7.25285336e-02
 -1.30556582e-03 -2.13621363e-01  3.34432423e-01  2.61526167e-01
  5.06599136e-02 -4.97327782e-02 -5.69530344e-03  8.07162449e-02
  1.94315240e-01 -6.08948171e-02 -7.69635215e-02 -7.80438632e-02
  3.55138719e-01 -4.46909726e-01 -4.55132611e-02  2.15240642e-02
 -1.34990692e-01  1.10277519e-01  3.02606285e-01 -1.00783342e-02
 -1.17561489e-01 -2.32461452e-01  2.12274238e-01  1.40056536e-01
  2.59891361e-01 -1.75532401e-01 -9.29792300e-02  5.73054422e-03
  2.03548316e-02  2.12455937e-03 -4.65956181e-01 -2.06744313e-01
  1.93357050e-01 -1.74227238e-01 -1.04296058e-02 -9.31948796e-02
  2.76882976e-01 -6.97713271e-02  1.00344360e-01  2.28434488e-01
  6.00785203e-02  1.93524286e-01  5.96367478e-01 -2.86016217e-03
 -2.30438039e-01 -1.35496318e-01  2.29621083e-01  6.49366006e-02
 -5.81750460e-02  6.49705902e-03  2.44086415e-01  6.96656778e-02
  9.63701122e-03 -6.24011338e-01  2.32661590e-01 -1.73537448e-01
  8.13183188e-01 -1.39231935e-01 -3.38817686e-02  6.23284653e-02
 -1.66963398e-01  1.67198554e-01 -7.55514354e-02  2.99390405e-01
 -5.39340675e-01  8.43952522e-02  9.17118490e-02 -5.99880405e-02
 -9.84856393e-03  7.84289837e-02  4.41368446e-02 -7.35982554e-03
 -1.61113769e-01  6.16328157e-02 -2.76851892e-01 -2.03392394e-02
  3.06322109e-02 -1.46707550e-01  2.22554967e-01  2.48224400e-02
 -1.67254552e-01 -2.19199598e-01 -1.59983635e-01 -3.93673070e-02
  1.93226393e-02  7.52491727e-02 -5.76675117e-01  4.00845632e-02
  1.69178218e-01 -1.16139896e-01  3.98222767e-02  6.13164641e-02
 -7.24625066e-02 -8.47073570e-02 -6.08052254e-01  3.96600738e-02
  1.76453918e-01  2.86517013e-02 -4.03951693e+00 -1.05774805e-01
 -4.83314358e-02 -5.96525036e-02  2.04393771e-02  2.66402662e-01
 -1.32008886e-03  2.40062743e-01 -3.49724814e-02  3.50578278e-01
  6.97898790e-02  1.83997512e-01 -1.30408153e-01 -1.68055460e-01
 -1.66407973e-01  1.61569357e-01  1.36856690e-01  5.93692623e-02
 -3.47850889e-01  2.22856298e-01  1.01399139e-01 -1.75696984e-01
  7.56160496e-03  2.96874475e-02  1.05357409e-01 -2.38540053e-01
 -1.86741147e-02 -1.09843701e-01 -1.85872734e-01  1.16946906e-01
  1.45082399e-01 -1.02518730e-01 -6.72952294e-01 -8.80714536e-01
  3.05449873e-01 -2.01146394e-01  3.52423638e-02 -9.08118933e-02
  6.45782948e-02  2.30712816e-01  1.65142760e-01  9.89955515e-02
  2.58086592e-01 -1.64890766e-01  3.53413112e-02 -1.25549302e-01
  2.01542452e-01  4.20713186e-01 -4.10309583e-01  1.01693511e+00
  7.58640692e-02  1.49075091e-01 -9.13805589e-02 -9.79983807e-02
 -5.96579574e-02  1.77459449e-01 -1.41449943e-01 -1.78629801e-01
 -1.49922520e-01 -3.07167232e-01 -1.31752715e-01 -9.40959901e-02
  1.82469010e+00 -8.08046162e-02 -2.15485588e-01  1.97228584e-02
 -1.27337053e-01  1.23403817e-01 -4.32805836e-01  4.74470109e-01
  2.98068255e-01  4.71601263e-02 -1.32761225e-01 -1.85287639e-01
 -2.25964755e-01  1.91788197e-01  6.57926947e-02  1.33659631e-01
 -3.22885551e-02 -4.19871742e-03 -1.87662348e-01 -5.52457683e-02
  5.52585460e-02 -2.79831678e-01  1.24178432e-01 -3.49702686e-01
 -1.65755808e-01 -7.33131692e-02 -3.19867134e-01 -6.87194914e-02
  2.57251501e-01 -1.87712058e-01 -5.85921779e-02 -2.15841055e-01
 -5.28694317e-02 -8.31365809e-02 -1.57323885e+00  1.24923974e-01
 -5.25742210e-02  1.36552572e-01 -2.87342649e-02  1.75607100e-01
 -2.12849870e-01  4.14193451e-01  2.44174153e-01  1.23862363e-01
  1.27522066e-01 -2.23081410e-01  1.81679338e-01 -9.55403596e-02
 -8.29499587e-02  1.96240805e-02  1.12730645e-01 -2.36739382e-01
  8.25425610e-02 -2.86017686e-01 -9.46604535e-02  4.47498867e-03
  1.29504234e-03 -1.02599382e-01  1.68375075e-01 -3.01082760e-01
 -9.25365649e-03  1.28737316e-02  2.24884376e-02  7.05377981e-02
 -4.12840862e-03 -2.02184528e-01  5.45562878e-02 -3.01713077e-03
  9.68329236e-02  7.38268420e-02 -1.19095266e-01  7.96139315e-02
  2.35240802e-01  4.30504620e-01  1.14370249e-01 -1.14195138e-01]",Powell Industries (NASDAQ:POWL) Is Experiencing Growth In Returns On Capital,5
2023-09-11,"[-2.29473114e-01 -1.16578452e-01 -1.49829119e-01  2.29677245e-01
  5.45517355e-02 -1.79278418e-01 -1.58281252e-01  1.24607487e-02
  6.63463831e-01  1.69161111e-02 -1.09512106e-01 -4.72829849e-01
 -1.66005641e-01  4.04203571e-02  4.50955808e-01  1.43149763e-01
  3.32722291e-02  5.36210909e-02  1.33550733e-01  1.61975205e-01
 -1.52836531e-01 -3.94635871e-02 -1.60919338e-01  4.22137305e-02
 -2.04130873e-01 -1.88929871e-01  3.92308384e-01  3.92426364e-02
 -8.41997564e-02 -3.25450957e-01  1.64116442e-01  8.67325515e-02
 -1.62341014e-01  9.56913605e-02  1.14162236e-01 -1.36063974e-02
 -2.93347519e-02  2.78254420e-01  1.30833853e-02 -2.55854428e-01
  8.98841098e-02 -1.82826649e-02 -4.61648673e-01 -3.88983190e-01
 -3.09837937e-01  2.92797610e-02  3.26163679e-01  5.86066358e-02
 -1.16056509e-01  1.04190074e-01 -2.29847953e-01  3.45814496e-01
  1.74358174e-01  2.81158507e-01 -8.51569399e-02 -1.50237307e-01
  3.17405574e-02 -1.35207400e-02  5.32703362e-02  1.20314702e-01
  2.03439906e-01 -5.34436479e-02 -3.62590313e-01  6.43273741e-02
 -7.22154379e-02 -1.96047291e-01  3.42865050e-01  1.99570954e-01
 -1.13562383e-02  6.07089996e-02  1.52952047e-02  1.08045906e-01
  2.15426907e-01 -3.96927670e-02 -1.89927984e-02 -2.15018746e-02
  3.96264762e-01 -4.00778949e-01  2.46088076e-02  1.89626426e-01
 -1.27864927e-01  1.63910002e-01  3.81474853e-01 -1.04645185e-01
 -1.27220675e-01 -2.66963154e-01  1.56426370e-01  1.37608543e-01
  2.72330254e-01 -1.42235890e-01 -8.72915611e-02 -3.39247659e-02
 -9.19312425e-03  8.19694251e-02 -3.78921211e-01 -9.18737426e-02
  2.36506000e-01 -1.84144318e-01 -9.43071488e-03  4.28288616e-02
  3.11470866e-01  4.43472639e-02  4.73479256e-02  2.24843934e-01
 -7.09973322e-03  1.81181595e-01  5.38540959e-01  3.07074729e-02
 -1.89999178e-01 -1.60950825e-01  9.68171656e-02 -4.93283477e-03
 -1.38366103e-01 -7.37669412e-03  1.97015047e-01 -7.22944215e-02
 -4.20987979e-02 -8.09589803e-01  1.28512710e-01 -1.49501011e-01
  8.73013198e-01 -2.22071081e-01 -5.75739108e-02  3.73276137e-02
 -6.85287416e-02  2.20904946e-01 -1.02663748e-01  2.64244616e-01
 -5.18497288e-01  5.41521758e-02  1.34128094e-01 -7.16831312e-02
  1.93198994e-02  1.89229980e-01  9.86947715e-02 -2.77551357e-02
 -1.71857968e-01  2.18836609e-02 -3.14661026e-01 -1.72687188e-01
  7.57454783e-02 -1.29058585e-01  8.63683820e-02  3.76722887e-02
 -1.10425681e-01 -1.88333914e-01 -1.54090002e-01  7.05136433e-02
  6.95854276e-02  1.41346946e-01 -5.70290208e-01 -8.38746503e-03
  4.42852601e-02 -1.03580855e-01 -7.07745831e-03  6.17828779e-02
 -1.64253756e-01 -3.49199101e-02 -5.91269374e-01  4.81616221e-02
  2.01944247e-01 -1.12445310e-01 -3.96765447e+00 -9.30416957e-02
 -2.89260838e-02 -7.86980540e-02  1.10738747e-01  3.61728758e-01
  2.44428217e-02  1.94360778e-01  1.66696752e-03  3.39683771e-01
 -4.20024712e-03  1.81760997e-01 -4.11037989e-02 -1.31531775e-01
 -5.37915900e-02  1.92646682e-01  7.57001415e-02  1.41281039e-01
 -2.64503866e-01  2.32684955e-01  4.96413931e-02 -6.95479438e-02
  1.06304893e-02  8.69961232e-02  2.81525940e-01 -2.03942940e-01
  5.55534475e-02 -7.19485730e-02 -2.24336609e-01  5.55912219e-02
  8.28169733e-02 -3.01587135e-02 -5.27427197e-01 -6.95673406e-01
  3.69276673e-01 -1.30664214e-01 -2.55431868e-02 -2.29836553e-01
  3.81220542e-02  1.69650793e-01  1.04414538e-01  1.77815706e-01
  2.59876817e-01 -3.27220142e-01  1.33788744e-02 -1.03344597e-01
  1.23466015e-01  4.80935246e-01 -3.73468369e-01  7.77226090e-01
  6.46834075e-02  9.97638404e-02 -7.25186467e-02 -1.13280877e-01
 -2.03770772e-01  8.35646242e-02 -2.59244561e-01 -1.53172970e-01
 -1.89319670e-01 -2.79013932e-01 -1.13566570e-01 -1.08691089e-01
  2.19061184e+00 -4.04422134e-02 -2.49347121e-01  6.76070713e-03
 -2.39105240e-01  1.11175105e-01 -1.70293689e-01  4.59041595e-01
  2.46492222e-01  7.99110830e-02  7.54895527e-03 -1.81360483e-01
 -2.32948869e-01  1.23597726e-01  9.73500311e-03  2.01097682e-01
 -1.29563874e-02 -1.61697362e-02 -1.58568382e-01 -1.17725752e-01
  2.96102109e-04 -1.52476221e-01  1.68628022e-01 -1.55505493e-01
 -5.63298240e-02 -6.70402795e-02 -3.36926669e-01 -2.06919238e-02
  1.67518914e-01 -2.06595227e-01 -2.80867685e-02 -1.70593694e-01
  9.55334399e-03 -5.50535731e-02 -1.60471678e+00  1.53041452e-01
 -7.58549720e-02  8.09994936e-02  1.18572302e-02  9.74510536e-02
 -2.38073960e-01  3.31383318e-01  1.63444683e-01  1.66972950e-01
  8.50590393e-02 -2.50229031e-01  2.30110362e-01 -8.82539824e-02
 -4.03289534e-02  2.71245688e-02  2.04044860e-02 -2.14412525e-01
  1.52720034e-01 -2.37837657e-01 -1.26010895e-01  2.26815008e-02
 -2.64874138e-02 -4.29083221e-02  1.82490990e-01 -1.60153851e-01
  1.06819980e-02  5.34694344e-02  3.81895080e-02 -2.40970924e-02
  1.25327349e-01 -1.18037827e-01  1.77075878e-01 -2.54558008e-02
  1.83432236e-01  1.52906805e-01 -1.48059085e-01  3.10743935e-02
  1.98688149e-01  4.04074609e-01  1.68041259e-01 -2.09387373e-02]",Is Roku (ROKU) Too Good to Be True? A Comprehensive Analysis of a Potential Value Trap,3
2023-09-11,"[-2.92935312e-01 -1.56136811e-01 -2.25470096e-01  5.20910807e-02
  8.59430507e-02 -2.00362086e-01 -2.12615207e-01  3.83205712e-02
  6.94836915e-01  3.06590982e-02 -1.52310163e-01 -5.19648492e-01
 -2.30090186e-01 -3.21075954e-02  3.76348317e-01  8.33905637e-02
  9.06252861e-02  5.62025001e-03  1.74765959e-01 -3.68063264e-02
 -1.57886311e-01  7.81336278e-02 -3.54816824e-01  1.16962664e-01
 -1.92870885e-01 -2.12956741e-01  3.24480057e-01  1.40836149e-01
 -7.52760842e-02 -2.30103984e-01  6.95274249e-02  5.77117354e-02
 -1.45980030e-01 -1.13518806e-02  8.56515169e-02  1.59666628e-01
  1.63013026e-01  1.03266932e-01  1.03596270e-01 -1.42114162e-01
  2.12082401e-01 -6.18836768e-02 -3.91647011e-01 -2.30344132e-01
 -1.24521315e-01 -2.60666781e-03  2.68532634e-01 -7.38908201e-02
 -1.97438821e-02  3.10953200e-01 -1.12008415e-01  1.97422370e-01
 -1.36474147e-02  2.23347247e-01 -7.31913745e-02 -1.56249434e-01
  9.36506465e-02 -1.22218788e-01 -5.94509058e-02  3.29038650e-02
  1.16289862e-01 -4.25594263e-02 -2.34704971e-01  1.09133646e-01
  2.23572310e-02 -6.68906495e-02  3.50328475e-01  2.51985818e-01
  1.01440772e-02 -1.17665179e-01 -4.48442586e-02  1.78067341e-01
  2.34502420e-01 -4.09126244e-02 -5.31670591e-03  2.49917209e-02
  3.79118860e-01 -3.06206137e-01 -6.67193606e-02  8.66262764e-02
 -8.43345523e-02  8.96050781e-02  3.22355658e-01 -3.43085229e-02
 -1.29866645e-01 -1.72351047e-01  7.74930269e-02  1.30636349e-01
  2.92358011e-01 -2.64255404e-01 -6.22278042e-02  2.31627487e-02
  8.13929141e-02 -2.85452902e-01 -3.46317679e-01 -1.78630322e-01
  2.09361315e-01 -1.94912642e-01 -1.14154018e-01 -7.82887116e-02
  3.05663496e-01  1.35641843e-01  1.71665311e-01  2.59026557e-01
  4.77775931e-02  2.87226290e-01  5.76109648e-01 -5.11238687e-02
 -1.63615495e-01 -1.09859295e-01  1.70803875e-01  2.83573717e-02
  1.46880122e-02  3.96758839e-02  1.76500827e-01  9.81841385e-02
  4.86182384e-02 -5.63066363e-01  2.11875632e-01 -1.63449511e-01
  1.14838254e+00 -2.01808184e-01  4.60556038e-02  1.20427877e-01
 -1.71286896e-01  1.36629775e-01  2.80123521e-02  2.58483320e-01
 -5.16229153e-01  3.89263146e-02  7.68386647e-02 -1.17886126e-01
 -7.04416782e-02  2.70175096e-02  1.20370507e-01 -4.35510017e-02
 -2.59463698e-01  1.68279603e-01 -3.24282259e-01  4.29489277e-02
  2.80135293e-02 -1.06292292e-01  2.20815271e-01  7.23872557e-02
 -1.52950197e-01 -1.80636868e-01 -1.88782826e-01 -4.02250662e-02
 -6.27033710e-02  9.99527574e-02 -6.43710792e-01  5.93005456e-02
  1.10216066e-01 -8.86962637e-02 -9.31174145e-04  1.18414357e-01
 -9.51508060e-03 -1.76742241e-01 -6.09332860e-01 -6.93748817e-02
  2.43542358e-01  4.95436154e-02 -4.11009407e+00 -1.04308739e-01
 -1.14682242e-02 -1.27050728e-01  3.23202573e-02  2.30576888e-01
 -9.06782895e-02  1.36689261e-01 -1.71921251e-03  3.99357170e-01
  1.77311242e-01  2.18743011e-01 -7.14560375e-02 -1.48961410e-01
 -1.90333590e-01  2.11819693e-01  1.15504257e-01  1.09136373e-01
 -1.46919340e-01  1.87937140e-01  6.43173307e-02 -1.36827484e-01
  4.61573005e-02  1.08604737e-01  1.79200307e-01 -2.52755195e-01
 -1.33559987e-01 -1.56653896e-01 -1.48565635e-01  5.40808886e-02
  1.88212320e-01 -4.03740369e-02 -7.28524089e-01 -9.49255645e-01
  2.81250834e-01 -2.19500750e-01  7.08164349e-02 -1.24709129e-01
  1.70553718e-02  1.16409704e-01  1.60347283e-01  1.16299093e-01
  1.13095358e-01 -2.76728719e-01  8.85486826e-02 -1.22657508e-01
  4.28790361e-01  4.23541427e-01 -4.91836458e-01  1.19169021e+00
  6.96312711e-02  1.95988074e-01 -9.29451734e-02  1.24011179e-02
 -7.85533339e-02  2.61274744e-02 -1.25698030e-01 -1.53577879e-01
 -2.19790787e-02 -1.94770128e-01 -5.80334105e-02 -1.31182835e-01
  1.71966243e+00  1.63936242e-02 -2.58217037e-01  6.78633666e-03
 -2.12609604e-01 -1.74156157e-04 -3.92908722e-01  3.86903435e-01
  3.51515412e-01  4.72296067e-02 -1.34105802e-01 -8.18713680e-02
 -1.38997227e-01  1.48264125e-01  6.41889721e-02  8.18656459e-02
  7.14123696e-02  1.02683693e-01 -9.65108499e-02 -2.56452356e-02
  1.49758561e-02 -3.33465397e-01  1.01579996e-02 -2.96964228e-01
 -1.26581565e-01 -1.53090358e-01 -2.83357561e-01 -1.19280815e-02
  2.32025445e-01 -1.02199689e-01  8.41483697e-02 -2.03952074e-01
  5.75937368e-02 -1.98633522e-02 -1.57931101e+00  2.49894634e-01
 -1.11172408e-01  7.12944865e-02 -4.25157957e-02  1.80409729e-01
 -1.53897300e-01  3.52019250e-01  6.27158433e-02  1.02439821e-01
  1.43589109e-01 -2.03294471e-01  1.64016217e-01 -8.83519873e-02
 -1.43459961e-02  1.42668572e-03  1.46404848e-01 -2.56787628e-01
  3.11023537e-02 -1.88353047e-01  9.06858913e-05  1.06164247e-01
 -1.00496644e-02 -4.87206653e-02  3.00320238e-01 -2.15354472e-01
  8.66780579e-02  2.46405061e-02 -3.24181169e-02 -1.05001759e-02
 -4.23544906e-02 -1.87646806e-01  7.39633217e-02  5.43171391e-02
  1.31953567e-01  6.63983747e-02 -6.90404028e-02  5.55009954e-02
  1.88501313e-01  4.34145868e-01  1.41930237e-01 -2.74910368e-02]",From Status Carrier to Steppingstone: NetJets Continues Freefall,2
2023-09-11,"[-2.31662020e-01 -1.38738483e-01 -2.44925484e-01  1.15803480e-01
  1.09398432e-01 -1.92840815e-01 -1.60397738e-01  7.69205317e-02
  6.60936892e-01  4.05517966e-02 -1.41955331e-01 -4.37367797e-01
 -1.55643463e-01  1.47365713e-02  4.60590065e-01  8.28553438e-02
  4.56137434e-02  1.87984183e-02  1.82839766e-01  7.60140866e-02
 -1.17837824e-01 -2.97715999e-02 -2.66832113e-01  1.44433752e-01
 -2.00711697e-01 -1.92351371e-01  3.89689118e-01  1.00162908e-01
 -2.52742823e-02 -2.63212532e-01  9.70707089e-02  9.68928561e-02
 -1.53262004e-01  6.16448633e-02  8.18436816e-02  6.46141246e-02
  4.13959250e-02  2.18418792e-01  4.76431325e-02 -1.98566496e-01
  1.68856427e-01 -5.79573074e-03 -4.34002876e-01 -3.02150756e-01
 -2.59510845e-01  6.74101114e-02  3.61716062e-01  1.66684594e-02
 -9.13566947e-02  2.11573929e-01 -1.80694178e-01  2.74895430e-01
  9.00245309e-02  1.96575418e-01 -5.78598268e-02 -1.43297419e-01
  3.71378399e-02 -4.60191332e-02 -2.84858327e-03  1.25742316e-01
  1.16953962e-01 -2.18157582e-02 -3.32850724e-01  9.28473026e-02
 -3.84158045e-02 -9.62713808e-02  3.08629781e-01  2.44488850e-01
  8.12816620e-03  1.58136711e-02 -2.55850912e-03  1.90693259e-01
  2.25288197e-01 -6.08140901e-02 -3.12903970e-02  2.37356611e-02
  3.31683934e-01 -3.76959056e-01 -2.53909267e-02  7.56572559e-02
 -1.02861561e-01  1.24550797e-01  3.28033179e-01 -1.14664309e-01
 -1.28520876e-01 -1.85966834e-01  1.40586808e-01  1.46245822e-01
  2.77643532e-01 -1.72383219e-01 -1.14887223e-01 -1.70671586e-02
  8.33580568e-02 -3.26799303e-02 -3.31642359e-01 -1.53629586e-01
  1.93487689e-01 -1.55618832e-01 -3.00018359e-02 -1.06506392e-01
  2.84401625e-01  1.22037463e-01  1.03587426e-01  2.36664325e-01
  6.80920556e-02  1.84901774e-01  6.38970733e-01  8.28280598e-02
 -2.06830397e-01 -1.82586759e-01  1.41708657e-01  7.69657781e-03
 -9.53769237e-02  1.75959878e-02  2.39085302e-01  4.61026728e-02
 -3.90089452e-02 -7.62778163e-01  1.88829660e-01 -1.59211338e-01
  9.69049394e-01 -1.76715031e-01 -3.95403989e-02  9.22925025e-02
 -1.38169855e-01  1.99924558e-01 -2.82935500e-02  2.88429439e-01
 -5.76637447e-01  5.71006462e-02  1.12541690e-01 -1.56316951e-01
  7.79709779e-04  1.24370128e-01  9.82127115e-02 -6.68811128e-02
 -1.58818692e-01  6.76471516e-02 -2.66357362e-01 -4.48675603e-02
  9.47165042e-02 -1.17290400e-01  1.46327302e-01  8.85962248e-02
 -8.96767452e-02 -1.39724135e-01 -2.23341808e-01  5.76783605e-02
 -3.43674654e-03  1.38998121e-01 -5.90708673e-01  1.43017676e-02
  5.83940446e-02 -1.18687160e-01 -6.66601956e-02  5.90345152e-02
 -6.62437752e-02 -3.94105576e-02 -6.02486312e-01  1.71043258e-02
  1.79448530e-01 -2.52050627e-02 -4.00517845e+00 -9.94759053e-02
  1.79618318e-02 -4.43524867e-02  3.71120721e-02  2.41327628e-01
 -4.41145431e-03  1.81304559e-01  1.10183060e-02  3.74181032e-01
  5.46298400e-02  1.78753898e-01 -6.95889965e-02 -1.04762681e-01
 -1.24330796e-01  1.54556811e-01  2.01132268e-01  1.68648183e-01
 -2.45208785e-01  2.11899579e-01  6.17429800e-02 -9.17941481e-02
  7.07226247e-02  8.01618397e-02  2.32859701e-01 -2.31819779e-01
 -3.65479849e-02 -9.60362628e-02 -1.56545609e-01  3.48744951e-02
  1.17188945e-01 -8.36748183e-02 -5.39437294e-01 -8.21514189e-01
  2.72364736e-01 -1.59536317e-01  1.83255710e-02 -1.54213727e-01
  6.90481514e-02  1.93199903e-01  1.27680093e-01  1.20932341e-01
  1.96344599e-01 -3.18844765e-01  3.77561003e-02 -1.69016764e-01
  2.41188094e-01  4.07234579e-01 -3.84365588e-01  9.03512716e-01
  1.11467250e-01  1.30545065e-01 -7.39691854e-02 -5.82352877e-02
 -9.33366492e-02  9.25146714e-02 -1.92930654e-01 -1.64160639e-01
 -8.28668401e-02 -2.83926398e-01 -1.15209751e-01 -1.04788192e-01
  1.95266342e+00 -2.04812046e-02 -2.34903798e-01 -8.19960982e-03
 -1.97459832e-01  5.38653135e-02 -3.69930536e-01  4.22575653e-01
  2.99719900e-01  2.44880933e-03 -1.22602195e-01 -1.42142504e-01
 -2.92306334e-01  1.50242388e-01  4.86942045e-02  1.27027348e-01
  3.36312652e-02  2.79685874e-02 -9.30216238e-02 -2.96765640e-02
 -2.92269755e-02 -2.31068388e-01  6.05925955e-02 -2.11106867e-01
 -1.14657111e-01 -1.52192116e-01 -2.86923796e-01 -2.20676474e-02
  2.46096641e-01 -4.36923578e-02  8.08916315e-02 -2.16451168e-01
  2.24653073e-02 -4.45686834e-04 -1.55808854e+00  1.63703769e-01
 -1.05813004e-01  8.49544927e-02 -3.18191946e-02  1.49664730e-01
 -2.05553606e-01  2.58164406e-01  8.95183906e-02  1.39084890e-01
  4.86259982e-02 -2.58311599e-01  2.45912403e-01 -6.52551800e-02
 -6.09125905e-02  4.73836763e-03  1.07454129e-01 -2.18189508e-01
  6.15631714e-02 -2.44713694e-01 -1.65058654e-02  7.68923536e-02
  5.80593795e-02 -4.35866229e-02  2.06355125e-01 -2.11250961e-01
  6.09082952e-02  6.67359531e-02  7.33823031e-02  1.01199634e-02
  3.00607923e-02 -1.98292717e-01  4.98102568e-02  1.89915523e-02
  1.21286973e-01  1.12035610e-01 -1.08730607e-01  4.38192561e-02
  1.85921818e-01  4.75095302e-01  1.26912147e-01 -3.00145261e-02]",Standard Bank Group's (JSE:SBK) Dividend Will Be Increased To ZAR6.90,4
2023-09-11,"[-2.14317888e-01 -2.33684793e-01 -2.27887884e-01  1.78518981e-01
  4.36141267e-02 -2.36834854e-01 -1.81312189e-01  1.37832453e-02
  5.19079268e-01 -4.05851863e-02 -1.78283617e-01 -4.39690113e-01
 -9.71452221e-02  6.77644566e-04  4.05123979e-01  3.58424522e-02
 -1.09683890e-02  4.77686897e-02  1.94244146e-01  1.35404974e-01
 -1.21695735e-01 -1.60511769e-02 -1.40888795e-01  1.33819625e-01
 -1.60021737e-01 -2.59151131e-01  4.51001406e-01  1.60758253e-02
 -6.69374168e-02 -1.89592972e-01  1.73585907e-01  5.15077785e-02
 -1.72029868e-01 -3.10975146e-02  1.05389223e-01  6.63077533e-02
  8.98325667e-02  2.53426701e-01  1.56957190e-02 -1.96276292e-01
  9.50310975e-02 -6.03358820e-02 -4.32919323e-01 -3.47269535e-01
 -4.08120632e-01  4.29648422e-02  2.39831015e-01  8.65716413e-02
 -6.73363730e-02  1.68268278e-01 -1.93255380e-01  2.32826501e-01
  6.62050471e-02  3.29122394e-01 -1.46351289e-02 -9.02616382e-02
  4.04217057e-02  4.14148979e-02  3.17846350e-02  1.60528228e-01
  1.87410787e-01 -5.58848605e-02 -3.20074052e-01  5.28252088e-02
 -5.34580126e-02 -7.64948726e-02  3.25911224e-01  2.60137141e-01
 -2.12273728e-02 -4.28341590e-02 -2.57492866e-02  1.62324980e-01
  3.60720187e-01  2.70676445e-02 -6.75979778e-02  1.88808180e-02
  3.84408146e-01 -3.19120258e-01 -9.28968713e-02  9.20562744e-02
 -1.35856792e-01  2.26790056e-01  3.07693034e-01 -1.36603847e-01
 -1.35995910e-01 -1.18647099e-01  1.98017120e-01  1.11777857e-01
  1.50934339e-01 -6.49485365e-02 -1.14051878e-01 -6.70033991e-02
 -3.46631408e-02  6.74392432e-02 -4.26979125e-01 -1.78969666e-01
  1.43740043e-01 -1.91151515e-01 -1.52990920e-02 -4.37874421e-02
  3.42428595e-01  6.40252307e-02  5.92174418e-02  2.74567157e-01
  1.01242708e-02  1.94726393e-01  5.52337766e-01 -6.64444566e-02
 -1.33202359e-01 -2.09752530e-01  1.23939045e-01  3.68387587e-02
 -1.42257303e-01 -2.79915221e-02  2.05286711e-01  6.01795390e-02
 -2.47837193e-02 -7.73667336e-01  2.69188404e-01 -1.20394602e-01
  7.03045905e-01 -2.09710196e-01 -2.83411099e-03  5.49053550e-02
 -7.95756504e-02  1.03389286e-01 -3.72566506e-02  2.78875023e-01
 -5.15592158e-01  1.54668167e-01  9.82864127e-02 -1.34912610e-01
 -7.17261359e-02  1.62557527e-01  8.17800537e-02 -1.28600925e-01
 -2.44093105e-01  1.71083063e-02 -2.17775926e-01 -2.12426968e-02
  1.09863892e-01 -1.44361973e-01  1.25004873e-01  9.96625051e-04
 -7.38992840e-02 -2.00799510e-01 -2.21430033e-01 -5.90142934e-03
 -2.12339163e-02  9.86795500e-02 -6.47753596e-01  1.25376970e-01
 -1.70353858e-03 -6.75508827e-02 -5.83038703e-02  1.01544790e-01
 -2.08007097e-01 -4.96677421e-02 -5.42099118e-01  5.20954169e-02
  2.15278119e-01 -6.02522679e-02 -3.83086228e+00 -5.98924756e-02
 -8.09585601e-02 -1.72914297e-03  2.92981416e-02  4.03453559e-01
 -7.36046489e-03  2.21026137e-01 -3.71566415e-02  4.03662741e-01
  4.53473032e-02  1.47663578e-01 -4.31877002e-02 -1.21939294e-01
 -6.14212155e-02  2.05829412e-01  2.13187307e-01  2.56937802e-01
 -2.74627656e-01  1.95760638e-01  4.26756181e-02 -5.34507297e-02
 -1.05922222e-02  2.34404784e-02  2.61641651e-01 -1.76875591e-01
  2.11540367e-02 -5.77675886e-02 -1.14535257e-01  7.98729882e-02
  1.14979029e-01 -1.99861616e-01 -5.72982669e-01 -7.44729340e-01
  2.60738164e-01 -1.41931251e-01  5.59716411e-02 -1.72616884e-01
  1.15041316e-01  1.13014318e-01  1.64496496e-01  2.12903261e-01
  1.56240180e-01 -2.34678835e-01 -1.11656033e-01 -2.14262813e-01
  2.13383123e-01  4.59898680e-01 -3.44952524e-01  8.35399628e-01
  5.65918013e-02  6.55652508e-02 -1.49240002e-01 -7.74218813e-02
 -2.28394896e-01  1.45586103e-01 -2.44873434e-01 -1.07555494e-01
 -1.11580871e-01 -2.73172468e-01 -1.32427558e-01 -7.71807656e-02
  2.14603758e+00 -1.71848670e-01 -2.21758232e-01 -6.64011762e-02
 -1.77552819e-01  3.33246589e-02 -2.89240986e-01  3.47790569e-01
  2.72045702e-01  4.38646637e-02 -1.07998662e-01 -1.89666778e-01
 -3.76760900e-01  1.29584059e-01  9.73972827e-02  1.73073545e-01
  1.53533546e-02 -1.21542932e-02 -1.00965269e-01 -1.69527322e-01
 -2.39462703e-02 -8.47363397e-02  4.04618271e-02 -1.28642187e-01
 -9.28178504e-02 -1.51286110e-01 -2.94804066e-01 -2.24207845e-02
  3.17503512e-01 -3.87090221e-02  1.56049773e-01 -2.32136697e-01
  7.39324465e-03  4.35205922e-02 -1.77199924e+00  6.78575113e-02
 -3.19103040e-02  1.36425629e-01 -1.16689257e-01  1.56842187e-01
 -1.95869163e-01  4.16254312e-01  2.07936183e-01  1.81485251e-01
  8.44309554e-02 -2.76786953e-01  1.76068917e-01 -8.89107212e-02
 -7.62777701e-02  6.32708147e-02  9.19000134e-02 -2.32715756e-01
  1.16683841e-01 -2.56580442e-01 -1.07286923e-01  1.60171709e-03
  1.73312165e-02 -3.40755917e-02  1.93710461e-01 -1.68264538e-01
 -4.62960685e-03  1.45410880e-01  1.47374749e-01  6.34541884e-02
  1.49263591e-02 -3.03982526e-01  2.13092789e-01 -3.14482860e-02
  1.02985360e-01  1.30566940e-01 -2.02250361e-01  1.39594898e-01
  2.51821578e-01  3.38857591e-01  1.30182713e-01  1.20176431e-02]",Is Catalent Inc (CTLT) Set to Underperform? Analyzing the Factors Limiting Growth,3
2023-09-12,"[-3.27136695e-01 -2.30500281e-01 -3.17533225e-01  1.80266932e-01
 -6.02224730e-02 -1.80266410e-01 -1.63824707e-01  2.91979630e-02
  5.81042349e-01 -1.68615669e-01 -1.15013361e-01 -4.07091320e-01
  1.34800488e-04 -3.44740003e-02  5.35335541e-01  2.80328430e-02
  1.65010784e-02  1.67461559e-02  2.25000829e-01  1.65323466e-01
  3.46942758e-03  1.33258119e-01 -5.98674193e-02  1.56222522e-01
 -1.89404994e-01 -2.05222055e-01  3.33857805e-01  1.23871729e-01
  1.35417674e-02 -1.90771073e-01  1.52703136e-01  1.23081014e-01
 -1.64898545e-01  6.09734319e-02  1.61553562e-01  9.12533551e-02
  7.76079893e-02  3.05234611e-01  4.65232693e-02 -1.03038497e-01
  2.03804016e-01 -4.88019511e-02 -5.09736180e-01 -1.94495782e-01
 -3.10091674e-01  1.67571068e-01  2.20898002e-01  1.95972715e-02
 -5.64342737e-02  2.01845631e-01 -1.39742240e-01  2.15517834e-01
 -2.26306543e-02  2.55845904e-01 -4.71342308e-03 -1.37826994e-01
 -2.04814207e-02 -1.06585659e-01  6.26311637e-03  9.19382945e-02
  1.63865879e-01 -1.76830671e-03 -2.14948624e-01  1.50641114e-01
 -4.83297370e-02 -1.84904501e-01  2.88448840e-01  2.46231556e-01
  5.88264689e-02  1.15095424e-02 -7.75161088e-02  1.16177693e-01
  1.22925200e-01 -7.92867392e-02 -5.92307709e-02 -1.55576169e-01
  4.32940930e-01 -4.41258103e-01 -6.08818084e-02  2.02887282e-02
 -6.64760768e-02  1.64669588e-01  3.37900758e-01  5.53696556e-03
 -4.40761112e-02 -1.22597843e-01  2.79348403e-01  1.07128389e-01
  2.03018844e-01 -2.48540074e-01 -7.65183121e-02 -6.02092501e-03
 -3.26186195e-02  9.70715433e-02 -3.98686886e-01 -2.00185359e-01
  1.69765845e-01 -1.16635770e-01  5.39978221e-02 -9.47350413e-02
  3.26023132e-01 -2.38484312e-02  7.23511502e-02  1.23985186e-01
  8.92578736e-02  2.04532802e-01  6.10122204e-01  1.77698918e-02
 -2.11164922e-01 -1.90597445e-01  2.07473546e-01 -2.50031557e-02
 -1.69101939e-01 -8.30426589e-02  2.13424578e-01  8.78031105e-02
 -4.92844656e-02 -4.23748851e-01  2.34018341e-01 -1.60976797e-01
  5.74509978e-01 -4.65184227e-02 -3.81550826e-02  2.23380402e-02
 -2.04088956e-01  1.91589355e-01 -1.05846241e-01  2.75099605e-01
 -4.67392445e-01  1.49348915e-01  3.88530688e-03 -1.34092361e-01
 -3.75365391e-02  1.36613697e-01  4.82442277e-03 -1.13832198e-01
 -2.62322456e-01  1.31362915e-01 -2.66129494e-01  4.86257765e-03
  1.08411655e-01 -1.62963897e-01  2.11912379e-01  1.15247265e-01
  2.55635567e-02 -1.24664076e-01 -1.62648574e-01 -1.04084220e-02
 -3.58687714e-02  1.60204638e-02 -7.06607699e-01  2.89846566e-02
  1.55817851e-01 -1.02937900e-01 -2.95896903e-02  2.83375718e-02
 -1.46486491e-01 -3.60711254e-02 -6.34773374e-01  5.98149300e-02
  1.56615749e-01  2.23078358e-04 -4.08169603e+00 -3.08470409e-02
 -4.61038873e-02  5.99260479e-02  1.39295965e-01  2.67689347e-01
  1.72939170e-02  2.04717606e-01  1.70807708e-02  2.63902694e-01
  1.17327966e-01  7.44141191e-02 -7.63318464e-02 -1.53413504e-01
 -1.83292225e-01  1.43909901e-01  2.03090176e-01  1.42720506e-01
 -4.30503666e-01  6.21386953e-02  7.48035163e-02 -1.40115738e-01
  6.32952750e-02  2.41895411e-02  1.92083061e-01 -7.96886161e-02
 -2.34426539e-02 -7.18078464e-02 -4.59016524e-02  1.65856749e-01
  1.03135549e-01 -2.02932179e-01 -7.07008064e-01 -9.29922938e-01
  3.60832065e-01 -1.84059948e-01  8.28276053e-02 -5.97526841e-02
  1.32476911e-01  2.77603835e-01  1.63405031e-01  6.72010481e-02
  2.30844051e-01 -1.49265647e-01 -2.25819517e-02 -1.72807127e-01
  2.86073744e-01  2.96951294e-01 -2.75891215e-01  8.32381308e-01
 -2.20442973e-02  1.77655563e-01 -8.42441469e-02 -9.83404592e-02
 -1.01560324e-01  8.44076872e-02 -1.62342146e-01 -2.22684130e-01
 -8.06387365e-02 -4.48156387e-01 -1.21654198e-01  1.80224702e-02
  1.63475525e+00 -1.77406564e-01 -9.54801589e-02 -9.76806879e-02
 -3.89283486e-02  1.45312056e-01 -4.80014861e-01  3.95267993e-01
  1.94597274e-01  2.14136168e-02 -7.65347704e-02 -1.97414532e-01
 -2.04166621e-01  1.20530456e-01  3.35075781e-02  1.21906050e-01
  3.41838747e-02  2.85657644e-02 -1.95852056e-01 -1.31239578e-01
 -3.97030860e-02 -2.06600189e-01  9.34706554e-02 -2.57943809e-01
 -1.60744250e-01 -6.73102289e-02 -3.22464019e-01 -4.21147309e-02
  2.59916425e-01 -1.29689842e-01 -2.56804954e-02 -2.98426002e-01
  2.86541954e-02 -8.59566852e-02 -1.67392027e+00  1.18223459e-01
 -5.66863865e-02  3.27291936e-02  5.23495749e-02  2.63421983e-01
 -1.60427079e-01  4.17061448e-01  1.44521356e-01  9.76321548e-02
  6.24984242e-02 -3.05324465e-01  1.23227887e-01 -3.94919254e-02
 -7.13273436e-02  1.48416916e-02  1.44724116e-01 -2.23061711e-01
  5.60066141e-02 -3.46480101e-01 -1.81865375e-02  1.82211157e-02
  6.22160099e-02 -4.50583547e-02  1.76590770e-01 -2.84982890e-01
  6.97292062e-03  5.99538945e-02  2.07233112e-02  2.20641959e-02
 -7.85983428e-02 -2.05765516e-01  9.94803086e-02 -1.19033121e-02
 -1.01519950e-01  1.03620097e-01 -1.48445755e-01  7.57128447e-02
  1.93225548e-01  3.98625642e-01  1.75049871e-01 -9.49243009e-02]",APLD Investors Have Opportunity to Lead Applied Digital Corporation Securities Fraud Lawsuit,0
2023-09-13,"[-3.04643124e-01 -1.09992810e-01 -2.18225539e-01  1.66515261e-01
  1.02247022e-01 -2.38814905e-01 -1.58523113e-01  8.90777558e-02
  6.29822254e-01 -5.32502830e-02 -7.10665584e-02 -4.74399835e-01
 -1.59707844e-01 -2.05444009e-03  4.97855544e-01  3.40717174e-02
  3.76052386e-03  2.85324138e-02  1.44540697e-01  8.59424025e-02
 -1.87760055e-01 -5.38759306e-02 -2.17300117e-01  1.61931470e-01
 -1.58737689e-01 -1.91032082e-01  4.21331495e-01  1.04227066e-01
 -5.60299419e-02 -2.01950729e-01  1.29244506e-01  1.07087046e-01
 -9.51564237e-02  6.78817257e-02  7.74076730e-02  9.70991105e-02
  5.48563674e-02  2.59345591e-01 -5.80218481e-03 -2.05848768e-01
  1.24473281e-01 -3.48879211e-02 -3.82791340e-01 -3.15688729e-01
 -2.57846266e-01  1.28944978e-01  3.13058645e-01  4.95636016e-02
 -1.11266211e-01  2.11537465e-01 -1.71302676e-01  3.13947082e-01
  7.20148087e-02  2.25837052e-01 -3.38101983e-02 -2.29424626e-01
  9.84724462e-02 -7.12677613e-02  4.05013859e-02  9.42698643e-02
  1.33931294e-01 -6.86205626e-02 -3.87555271e-01  8.40170905e-02
 -6.53070882e-02 -1.49740815e-01  2.88855165e-01  2.18240723e-01
  1.84395425e-02  7.92518780e-02  4.33550868e-03  1.71645433e-01
  2.47217238e-01 -7.47512877e-02 -5.92522137e-02  3.28927189e-02
  3.64884943e-01 -3.91561866e-01 -3.95078175e-02  3.71812358e-02
 -1.25642031e-01  1.09856896e-01  3.24990630e-01 -1.00677744e-01
 -8.49428251e-02 -1.51147097e-01  1.45429149e-01  1.84926361e-01
  2.62690574e-01 -2.45752066e-01 -6.07476011e-02  3.27322446e-02
  2.70495098e-02 -6.12014532e-03 -3.64433348e-01 -1.11372046e-01
  1.83362037e-01 -1.69334620e-01  3.45171988e-02 -1.05193883e-01
  2.47933149e-01  7.91338012e-02  1.23146370e-01  2.58309305e-01
  9.82774235e-03  1.56136781e-01  6.19014144e-01  3.94904353e-02
 -2.05221042e-01 -3.06526423e-01  2.08226278e-01  8.66653100e-02
 -1.43547267e-01  5.47289401e-02  2.09952980e-01  1.96532421e-02
 -1.18892603e-02 -7.29773760e-01  2.66114354e-01 -1.18491299e-01
  9.11678851e-01 -1.51871935e-01 -8.21760967e-02  5.31153083e-02
 -1.57168821e-01  1.97165713e-01 -6.67997375e-02  2.09291652e-01
 -5.68030834e-01  4.45232019e-02  6.73438162e-02 -1.09044671e-01
 -2.03346405e-02  1.14202790e-01  9.69729275e-02 -2.73890682e-02
 -1.89274728e-01  1.63888678e-01 -2.48571187e-01 -3.91234532e-02
  8.71573687e-02 -9.62664634e-02  1.44124657e-01  5.35210781e-02
 -1.51848823e-01 -1.76987737e-01 -1.46436706e-01 -1.29980482e-02
  6.87342137e-02  1.28487393e-01 -6.20435834e-01  5.72768971e-03
  5.26507013e-02 -1.03838101e-01 -4.48711105e-02  5.38336895e-02
 -1.02050208e-01 -7.99818337e-02 -6.55881107e-01  2.57235598e-02
  2.23843604e-01 -6.25780895e-02 -3.87349510e+00 -6.54187128e-02
 -2.25131493e-02  1.05307286e-03  5.45544401e-02  2.73181081e-01
  5.74093424e-02  1.63287476e-01  2.41670646e-02  3.64685774e-01
  4.44201790e-02  1.31187037e-01 -1.76378489e-02 -8.76425654e-02
 -7.13240057e-02  1.65597171e-01  1.91370070e-01  1.49466276e-01
 -2.81908303e-01  1.42982990e-01  5.19940257e-02 -1.34550676e-01
  9.31393355e-03  5.41042797e-02  2.19011188e-01 -2.11548880e-01
 -1.29726920e-02 -4.68943007e-02 -1.91969216e-01  5.27251400e-02
  1.17442727e-01 -2.83271801e-02 -5.11947632e-01 -7.31116891e-01
  2.59290010e-01 -1.02132626e-01 -2.93317903e-02 -2.13143244e-01
  3.43120284e-02  1.59393877e-01  1.57846540e-01  1.05066285e-01
  2.40933880e-01 -3.07940334e-01  3.26142199e-02 -1.47718936e-01
  2.11507678e-01  4.65398431e-01 -4.07953322e-01  9.98821735e-01
  1.15864590e-01  1.11828506e-01 -5.97141124e-02 -7.16970563e-02
 -8.56795758e-02  1.60553381e-01 -2.20126584e-01 -1.44505411e-01
 -2.12593153e-01 -3.59699994e-01 -9.94399413e-02 -1.42754823e-01
  2.00553823e+00 -1.35610979e-02 -2.50510782e-01 -2.71661393e-02
 -1.97945341e-01  7.75453895e-02 -2.42719680e-01  4.74196106e-01
  3.14943910e-01  4.42120098e-02 -4.54683602e-02 -1.36964738e-01
 -3.32436770e-01  1.45164147e-01 -2.83693476e-03  2.18958125e-01
  4.79464382e-02  1.69741176e-02 -1.02383070e-01 -6.14754483e-02
 -5.89022599e-02 -1.60563901e-01  3.40626538e-02 -2.16546983e-01
 -1.09686628e-01 -1.03501305e-01 -3.34989905e-01 -6.40935090e-04
  2.30034932e-01 -6.52942955e-02  1.37716522e-02 -2.46771812e-01
 -1.54626211e-02 -4.32132073e-02 -1.52715623e+00  1.14364512e-01
 -7.42783695e-02  6.72236830e-02 -1.89759657e-02  1.76033467e-01
 -2.07363471e-01  2.81443357e-01  1.99329942e-01  1.79105759e-01
  3.10906712e-02 -2.86193073e-01  2.43953526e-01 -4.33375947e-02
 -2.12531276e-02  3.35141062e-03  5.70505634e-02 -2.56680727e-01
  5.80820441e-02 -2.37170294e-01 -7.16466382e-02  1.14523619e-02
  5.89066222e-02 -4.67742272e-02  2.05183700e-01 -2.35171944e-01
  5.82316183e-02  4.53743003e-02  8.23672339e-02  4.37797904e-02
  3.39445770e-02 -1.85030565e-01  8.11212212e-02 -7.37111345e-02
  1.17192015e-01  5.78190163e-02 -7.34687150e-02  5.02900630e-02
  2.19081551e-01  4.30581540e-01  1.66191384e-01 -4.71031778e-02]",Connexion Telematics Ltd's (ASX:CXZ) Stock's On An Uptrend: Are Strong Financials Guiding The Market?,4
2023-09-13,"[-2.66330779e-01 -8.93338993e-02 -1.82991579e-01  9.42528695e-02
  1.53932244e-01 -2.32550144e-01 -2.06500605e-01  7.16956928e-02
  6.37103975e-01  1.50200352e-03 -8.86510611e-02 -5.08287370e-01
 -2.01540530e-01  1.94944236e-02  4.75205094e-01  7.06031248e-02
  4.53801081e-02  3.41523848e-02  1.31928623e-01  5.19202612e-02
 -1.77841082e-01 -8.66766423e-02 -2.78214991e-01  1.53507292e-01
 -1.67168632e-01 -2.09443495e-01  3.92642766e-01  8.41665417e-02
 -5.74203804e-02 -2.56956995e-01  1.06401272e-01  1.28720611e-01
 -1.19580343e-01  7.31529891e-02  6.66997209e-02  8.25102180e-02
  4.78476211e-02  2.25427881e-01  6.99583143e-02 -1.95091546e-01
  1.61977828e-01 -7.41627254e-03 -3.64788860e-01 -3.25970292e-01
 -2.24548012e-01  7.06197321e-02  3.12669426e-01  6.84927851e-02
 -9.91520509e-02  2.26188481e-01 -1.86044678e-01  2.80832559e-01
  8.83212015e-02  2.26399601e-01 -6.67498410e-02 -1.96383253e-01
  1.24398395e-01 -5.80820255e-02  2.01695375e-02  1.38759777e-01
  1.10285386e-01 -1.87361557e-02 -3.88936788e-01  4.18818220e-02
 -6.13617525e-02 -9.86742675e-02  3.26940954e-01  2.38429070e-01
  4.70849918e-03  4.40595113e-02  5.44992508e-03  1.68696463e-01
  2.70095170e-01 -4.50530127e-02 -6.91006109e-02  4.10452709e-02
  3.75428319e-01 -3.52574050e-01 -3.86199765e-02  1.09901905e-01
 -1.32349044e-01  1.19108476e-01  3.41164380e-01 -1.25714615e-01
 -9.47155878e-02 -1.39521927e-01  1.15754262e-01  1.44131988e-01
  2.74078965e-01 -2.05657467e-01 -6.38281554e-02  2.49688458e-02
  1.06152430e-01 -4.65333536e-02 -3.15911919e-01 -1.00115910e-01
  2.11366594e-01 -1.62633985e-01 -2.86798477e-02 -8.29166695e-02
  2.67918080e-01  1.66944340e-01  8.45116079e-02  2.52555013e-01
  3.49012353e-02  1.63123608e-01  6.03530705e-01  5.89922294e-02
 -2.10019037e-01 -2.41197988e-01  1.95163473e-01  7.40260631e-02
 -1.27407148e-01  6.72206357e-02  1.86088473e-01  2.31577381e-02
 -1.31815420e-02 -8.41678917e-01  2.31015384e-01 -1.23413913e-01
  9.83462632e-01 -2.02295467e-01 -3.21077928e-02  7.54200891e-02
 -1.41858518e-01  2.23830521e-01 -3.31528150e-02  2.38851801e-01
 -5.44886947e-01  1.43774040e-02  7.53403157e-02 -1.54443771e-01
 -2.60986597e-03  1.10419281e-01  1.30387425e-01 -3.52029242e-02
 -1.57325014e-01  1.22771427e-01 -2.65459687e-01 -4.91093062e-02
  1.00242130e-01 -6.41340539e-02  1.32348955e-01  4.73153032e-02
 -1.35249719e-01 -1.77534491e-01 -1.96487218e-01  2.57133562e-02
  3.26208621e-02  1.79227218e-01 -5.94308853e-01  6.67240983e-03
  6.42660782e-02 -1.21191584e-01 -3.93724181e-02  4.54611145e-02
 -6.63249195e-02 -9.50093195e-02 -5.84846973e-01  1.77586153e-02
  2.27005929e-01 -2.48072632e-02 -3.91525364e+00 -1.29191577e-01
 -2.53483094e-02 -7.34542832e-02  5.19789271e-02  2.81461447e-01
  4.32168469e-02  1.89670175e-01  2.62042098e-02  4.07828540e-01
  4.23090197e-02  1.44522041e-01 -6.95427731e-02 -8.69963318e-02
 -6.49731681e-02  1.55757800e-01  1.78195298e-01  1.21356204e-01
 -2.44620025e-01  1.98737949e-01  8.74484256e-02 -1.18597202e-01
  1.53741594e-02  5.64847365e-02  2.01790392e-01 -2.15900183e-01
 -2.75841542e-02 -1.01628184e-01 -2.31540844e-01  3.59847024e-02
  1.51981890e-01 -1.08864019e-02 -4.84415472e-01 -7.47174263e-01
  2.42741793e-01 -1.11246958e-01 -1.32029047e-02 -2.00295150e-01
  9.07379016e-03  1.57976255e-01  1.70844629e-01  8.92064944e-02
  2.20386833e-01 -3.42133343e-01  5.42377606e-02 -1.30516440e-01
  2.12474674e-01  5.01680553e-01 -4.49045360e-01  9.78491843e-01
  1.38166755e-01  1.42843992e-01 -4.54030074e-02 -8.96379277e-02
 -7.29332939e-02  1.41669348e-01 -2.47797698e-01 -1.37499899e-01
 -1.73921600e-01 -3.08270335e-01 -1.01694897e-01 -1.77550688e-01
  2.09639883e+00  5.00733070e-02 -2.56543010e-01  3.16456519e-02
 -2.70165354e-01  8.27357471e-02 -2.49845415e-01  4.74686801e-01
  3.57251823e-01  3.03918254e-02 -9.58810970e-02 -1.27067193e-01
 -3.02755803e-01  1.46459445e-01  3.27331177e-03  1.52680427e-01
  3.10619306e-02  2.05883086e-02 -8.04848298e-02 -1.78168677e-02
 -6.76330626e-02 -2.05142498e-01  5.71584627e-02 -2.74136752e-01
 -7.34417588e-02 -1.00628272e-01 -3.12139481e-01 -1.60865765e-02
  2.29816884e-01 -6.38510287e-02  5.14440574e-02 -1.96391091e-01
 -2.33680196e-02 -5.79667790e-03 -1.52914369e+00  1.46937430e-01
 -7.45141059e-02  8.77521038e-02 -7.14194030e-02  1.76239952e-01
 -2.38412082e-01  2.19116032e-01  1.74447462e-01  1.81058317e-01
  4.59837131e-02 -2.85855383e-01  2.67381012e-01 -5.59321828e-02
 -2.33292170e-02 -3.07401326e-02  9.68477055e-02 -2.36042127e-01
  1.09574631e-01 -2.07607746e-01 -5.98071367e-02  5.59905097e-02
  8.07740353e-03 -4.25077453e-02  2.22412735e-01 -1.99676260e-01
  5.18685952e-02  4.88354228e-02  4.98574041e-02  3.62092704e-02
  6.60087019e-02 -1.84741527e-01  8.68809894e-02 -4.17051949e-02
  1.26859903e-01  5.23500815e-02 -7.86831751e-02  4.44103852e-02
  2.05463588e-01  4.25984561e-01  1.39380231e-01 -2.74205934e-02]",IFCA MSC Berhad's (KLSE:IFCAMSC) Financials Are Too Obscure To Link With Current Share Price Momentum: What's In Store For the Stock?,4
